{"level":"info","message":{"duration":"28ms","method":"GET","path":"/","query":{},"status":404},"timestamp":"2026-08-31T17:26:40.847Z"}
{"level":"info","message":{"duration":"24ms","method":"GET","params":{},"path":"/health","query":{},"status":200},"timestamp":"2026-08-31T17:27:37.003Z"}
{"level":"info","message":{"duration":"2ms","method":"GET","path":"/favicon.ico","query":{},"status":404},"timestamp":"2026-08-31T17:27:37.101Z"}
{"level":"info","message":{"duration":"2ms","method":"GET","path":"/health/details","query":{},"status":404},"timestamp":"2026-08-31T17:29:22.143Z"}
{"level":"info","message":{"duration":"14ms","method":"GET","params":{},"path":"/health/detailed","query":{},"status":200},"timestamp":"2026-08-31T17:30:33.417Z"}
{"level":"info","message":{"duration":"12ms","method":"GET","params":{},"path":"/health/detailed","query":{},"status":200},"timestamp":"2026-08-31T17:36:49.149Z"}
{"level":"info","message":{"duration":"2ms","method":"GET","params":{},"path":"/health/detailed","query":{},"status":200},"timestamp":"2026-08-31T17:37:53.661Z"}
{"level":"info","message":{"duration":"3ms","method":"GET","params":{},"path":"/health/detailed","query":{},"status":200},"timestamp":"2026-08-31T17:37:54.711Z"}
{"level":"info","message":{"duration":"5ms","method":"GET","params":{},"path":"/health/detailed","query":{},"status":200},"timestamp":"2026-08-31T17:37:54.921Z"}
{"level":"info","message":{"duration":"2ms","method":"GET","params":{},"path":"/health/detailed","query":{},"status":200},"timestamp":"2026-08-31T17:37:55.150Z"}
{"level":"info","message":{"duration":"3ms","method":"GET","params":{},"path":"/health/detailed","query":{},"status":200},"timestamp":"2026-08-31T17:37:55.647Z"}
{"level":"info","message":{"duration":"5ms","method":"GET","params":{},"path":"/health/detailed","query":{},"status":200},"timestamp":"2026-08-31T17:37:55.850Z"}
{"level":"info","message":{"duration":"1ms","method":"GET","params":{},"path":"/health/detailed","query":{},"status":200},"timestamp":"2026-08-31T17:37:56.051Z"}
{"level":"info","message":{"duration":"4ms","method":"GET","params":{},"path":"/health/detailed","query":{},"status":200},"timestamp":"2026-08-31T17:38:13.663Z"}
{"level":"info","message":{"duration":"2ms","method":"GET","params":{},"path":"/health/detailed","query":{},"status":200},"timestamp":"2026-08-31T17:38:16.019Z"}
{"level":"info","message":{"duration":"1ms","method":"GET","params":{},"path":"/health/detailed","query":{},"status":200},"timestamp":"2026-08-31T17:38:16.245Z"}
{"level":"info","message":{"duration":"5ms","method":"GET","params":{},"path":"/health/detailed","query":{},"status":200},"timestamp":"2026-08-31T17:38:17.003Z"}
{"level":"info","message":{"duration":"1ms","method":"GET","params":{},"path":"/health/detailed","query":{},"status":200},"timestamp":"2026-08-31T17:38:17.195Z"}
{"level":"info","message":{"duration":"1ms","method":"GET","params":{},"path":"/health/detailed","query":{},"status":200},"timestamp":"2026-08-31T17:38:17.380Z"}
{"level":"info","message":{"duration":"2ms","method":"GET","params":{},"path":"/health/detailed","query":{},"status":200},"timestamp":"2026-08-31T17:38:17.601Z"}
{"level":"info","message":{"duration":"3ms","method":"GET","params":{},"path":"/health/detailed","query":{},"status":200},"timestamp":"2026-08-31T17:41:00.725Z"}
{"level":"info","message":{"duration":"3ms","method":"GET","params":{},"path":"/health/detailed","query":{},"status":200},"timestamp":"2026-08-31T17:41:01.143Z"}
{"level":"info","message":{"duration":"1ms","method":"GET","params":{},"path":"/health/detailed","query":{},"status":200},"timestamp":"2026-08-31T17:41:01.458Z"}
{"level":"info","message":{"duration":"2ms","method":"GET","params":{},"path":"/health/detailed","query":{},"status":200},"timestamp":"2026-08-31T17:41:01.704Z"}
{"level":"info","message":{"duration":"1ms","method":"GET","params":{},"path":"/health/detailed","query":{},"status":200},"timestamp":"2026-08-31T17:41:01.957Z"}
{"level":"info","message":{"duration":"4ms","method":"GET","params":{},"path":"/health/detailed","query":{},"status":200},"timestamp":"2026-08-31T17:41:02.208Z"}
{"level":"info","message":{"duration":"2ms","method":"GET","params":{},"path":"/health/detailed","query":{},"status":200},"timestamp":"2026-08-31T17:41:02.465Z"}
{"level":"info","message":{"duration":"2ms","method":"GET","params":{},"path":"/health/detailed","query":{},"status":200},"timestamp":"2026-08-31T17:41:02.725Z"}
{"level":"info","message":{"duration":"2ms","method":"GET","params":{},"path":"/health/detailed","query":{},"status":200},"timestamp":"2026-08-31T17:41:02.963Z"}
{"level":"info","message":{"duration":"2ms","method":"GET","params":{},"path":"/health/detailed","query":{},"status":200},"timestamp":"2026-08-31T17:41:03.197Z"}
{"level":"info","message":{"duration":"5ms","method":"GET","params":{},"path":"/health/detailed","query":{},"status":200},"timestamp":"2026-08-31T17:41:03.418Z"}
{"level":"info","message":{"duration":"3ms","method":"GET","params":{},"path":"/health/detailed","query":{},"status":200},"timestamp":"2026-08-31T17:41:03.641Z"}
{"level":"info","message":{"duration":"2ms","method":"GET","params":{},"path":"/health/detailed","query":{},"status":200},"timestamp":"2026-08-31T17:41:04.772Z"}
{"level":"info","message":{"duration":"2ms","method":"GET","params":{},"path":"/health/detailed","query":{},"status":200},"timestamp":"2026-08-31T17:41:04.998Z"}
{"level":"info","message":{"duration":"1ms","method":"GET","params":{},"path":"/health/detailed","query":{},"status":200},"timestamp":"2026-08-31T17:41:05.232Z"}
{"level":"info","message":{"duration":"7ms","method":"GET","params":{},"path":"/health/detailed","query":{},"status":200},"timestamp":"2026-08-31T17:41:05.484Z"}
{"level":"info","message":{"duration":"5ms","method":"GET","params":{},"path":"/health/detailed","query":{},"status":200},"timestamp":"2026-08-31T17:41:05.723Z"}
{"level":"info","message":{"duration":"2ms","method":"GET","params":{},"path":"/health/detailed","query":{},"status":200},"timestamp":"2026-08-31T17:41:05.949Z"}
{"level":"info","message":{"duration":"2ms","method":"GET","params":{},"path":"/health/detailed","query":{},"status":200},"timestamp":"2026-08-31T17:41:06.207Z"}
{"level":"info","message":{"duration":"3ms","method":"GET","params":{},"path":"/health/detailed","query":{},"status":200},"timestamp":"2026-08-31T17:41:06.439Z"}
{"level":"info","message":{"duration":"1ms","method":"GET","params":{},"path":"/health/detailed","query":{},"status":200},"timestamp":"2026-08-31T17:41:06.673Z"}
{"level":"info","message":{"duration":"2ms","method":"GET","params":{},"path":"/health/detailed","query":{},"status":200},"timestamp":"2026-08-31T17:41:06.925Z"}
{"level":"info","message":{"duration":"1ms","method":"GET","params":{},"path":"/health/detailed","query":{},"status":200},"timestamp":"2026-08-31T17:41:07.155Z"}
{"level":"info","message":{"duration":"3ms","method":"GET","params":{},"path":"/health/detailed","query":{},"status":200},"timestamp":"2026-08-31T17:41:07.417Z"}
{"level":"info","message":{"duration":"0ms","method":"GET","params":{},"path":"/health/detailed","query":{},"status":200},"timestamp":"2026-08-31T17:41:07.649Z"}
{"level":"info","message":{"duration":"4ms","method":"GET","params":{},"path":"/health/detailed","query":{},"status":200},"timestamp":"2026-08-31T17:41:07.886Z"}
{"level":"info","message":{"duration":"3ms","method":"GET","params":{},"path":"/health/detailed","query":{},"status":200},"timestamp":"2026-08-31T17:41:08.120Z"}
{"level":"info","message":{"duration":"2ms","method":"GET","params":{},"path":"/health/detailed","query":{},"status":200},"timestamp":"2026-08-31T17:41:08.380Z"}
{"level":"info","message":{"duration":"2ms","method":"GET","params":{},"path":"/health/detailed","query":{},"status":200},"timestamp":"2026-08-31T17:41:08.614Z"}
{"level":"info","message":{"duration":"5ms","method":"GET","params":{},"path":"/health/detailed","query":{},"status":200},"timestamp":"2026-08-31T17:41:08.880Z"}
{"level":"info","message":{"duration":"1ms","method":"GET","params":{},"path":"/health/detailed","query":{},"status":200},"timestamp":"2026-08-31T17:41:09.125Z"}
{"level":"info","message":{"duration":"2ms","method":"GET","params":{},"path":"/health/detailed","query":{},"status":200},"timestamp":"2026-08-31T17:41:09.364Z"}
{"level":"info","message":{"duration":"2ms","method":"GET","params":{},"path":"/health/detailed","query":{},"status":200},"timestamp":"2026-08-31T17:41:09.603Z"}
{"level":"info","message":{"duration":"3ms","method":"GET","params":{},"path":"/health/detailed","query":{},"status":200},"timestamp":"2026-08-31T17:41:09.836Z"}
{"level":"info","message":{"duration":"1ms","method":"GET","params":{},"path":"/health/detailed","query":{},"status":200},"timestamp":"2026-08-31T17:41:10.071Z"}
{"level":"info","message":{"duration":"3ms","method":"GET","params":{},"path":"/health/detailed","query":{},"status":200},"timestamp":"2026-08-31T17:41:10.317Z"}
{"level":"info","message":{"duration":"2ms","method":"GET","params":{},"path":"/health/detailed","query":{},"status":200},"timestamp":"2026-08-31T17:41:10.556Z"}
{"level":"info","message":{"duration":"3ms","method":"GET","params":{},"path":"/health/detailed","query":{},"status":200},"timestamp":"2026-08-31T17:41:11.089Z"}
{"level":"info","message":{"duration":"3ms","method":"GET","params":{},"path":"/health/detailed","query":{},"status":200},"timestamp":"2026-08-31T17:41:11.346Z"}
{"level":"info","message":{"duration":"1ms","method":"GET","params":{},"path":"/health/detailed","query":{},"status":200},"timestamp":"2026-08-31T17:41:11.575Z"}
{"level":"info","message":{"duration":"1ms","method":"GET","params":{},"path":"/health/detailed","query":{},"status":200},"timestamp":"2026-08-31T17:41:11.830Z"}
{"level":"info","message":{"duration":"3ms","method":"GET","params":{},"path":"/health/detailed","query":{},"status":200},"timestamp":"2026-08-31T17:41:12.083Z"}
{"level":"info","message":{"duration":"5ms","method":"GET","params":{},"path":"/health/detailed","query":{},"status":200},"timestamp":"2026-08-31T17:41:12.360Z"}
{"level":"info","message":{"duration":"2ms","method":"GET","params":{},"path":"/health/detailed","query":{},"status":200},"timestamp":"2026-08-31T17:41:12.610Z"}
{"level":"info","message":{"duration":"3ms","method":"GET","params":{},"path":"/health/detailed","query":{},"status":200},"timestamp":"2026-08-31T17:41:12.905Z"}
{"level":"info","message":{"duration":"1ms","method":"GET","params":{},"path":"/health/detailed","query":{},"status":200},"timestamp":"2026-08-31T17:41:13.439Z"}
{"level":"info","message":{"duration":"1ms","method":"GET","params":{},"path":"/health/detailed","query":{},"status":200},"timestamp":"2026-08-31T17:41:13.711Z"}
{"level":"info","message":{"duration":"1ms","method":"GET","params":{},"path":"/health/detailed","query":{},"status":200},"timestamp":"2026-08-31T17:41:13.958Z"}
{"level":"info","message":{"duration":"1ms","method":"GET","params":{},"path":"/health/detailed","query":{},"status":200},"timestamp":"2026-08-31T17:41:14.209Z"}
{"level":"info","message":{"duration":"3ms","method":"GET","params":{},"path":"/health/detailed","query":{},"status":200},"timestamp":"2026-08-31T17:41:14.455Z"}
{"level":"info","message":{"duration":"8ms","method":"GET","params":{},"path":"/health/detailed","query":{},"status":200},"timestamp":"2026-08-31T17:41:14.705Z"}
{"level":"info","message":{"duration":"3ms","method":"GET","params":{},"path":"/health/detailed","query":{},"status":200},"timestamp":"2026-08-31T17:41:14.928Z"}
{"level":"info","message":{"duration":"3ms","method":"GET","params":{},"path":"/health/detailed","query":{},"status":200},"timestamp":"2026-08-31T17:41:15.183Z"}
{"level":"info","message":{"duration":"3ms","method":"GET","params":{},"path":"/health/detailed","query":{},"status":200},"timestamp":"2026-08-31T17:41:15.430Z"}
{"level":"info","message":{"duration":"5ms","method":"GET","params":{},"path":"/health/detailed","query":{},"status":200},"timestamp":"2026-08-31T17:41:15.653Z"}
{"level":"info","message":{"duration":"2ms","method":"GET","params":{},"path":"/health/detailed","query":{},"status":200},"timestamp":"2026-08-31T17:41:15.847Z"}
{"level":"error","message":"Error fetching dashboard stats: Operation `students.countDocuments()` buffering timed out after 10000ms","stack":"MongooseError: Operation `students.countDocuments()` buffering timed out after 10000ms\n    at Timeout._onTimeout (C:\\Users\\chinu\\OneDrive\\Desktop\\CHINU CODE\\STUDENT MANGEMENT\\Backend\\node_modules\\mongoose\\lib\\drivers\\node-mongodb-native\\collection.js:142:25)\n    at listOnTimeout (node:internal/timers:685:17)\n    at process.processTimers (node:internal/timers:618:7)","timestamp":"2026-08-31T17:41:39.218Z"}
{"level":"info","message":{"duration":"10079ms","method":"GET","params":{},"path":"/api/dashboard/stats","query":{},"status":500},"timestamp":"2026-08-31T17:41:39.222Z"}
{"level":"error","message":"Error fetching dashboard stats: Operation `students.countDocuments()` buffering timed out after 10000ms","stack":"MongooseError: Operation `students.countDocuments()` buffering timed out after 10000ms\n    at Timeout._onTimeout (C:\\Users\\chinu\\OneDrive\\Desktop\\CHINU CODE\\STUDENT MANGEMENT\\Backend\\node_modules\\mongoose\\lib\\drivers\\node-mongodb-native\\collection.js:142:25)\n    at listOnTimeout (node:internal/timers:685:17)\n    at process.processTimers (node:internal/timers:618:7)","timestamp":"2026-08-31T17:48:54.027Z"}
{"level":"info","message":{"duration":"10018ms","method":"GET","params":{},"path":"/api/dashboard/stats","query":{},"status":500},"timestamp":"2026-08-31T17:48:54.031Z"}
{"level":"info","message":{"duration":"1ms","method":"GET","params":{},"path":"/health/detailed","query":{},"status":200},"timestamp":"2026-08-31T17:49:33.976Z"}
{"level":"info","message":{"duration":"2ms","method":"GET","params":{},"path":"/health/detailed","query":{},"status":200},"timestamp":"2026-08-31T17:53:50.453Z"}
{"level":"info","message":{"duration":"1ms","method":"GET","params":{},"path":"/health/detailed","query":{},"status":200},"timestamp":"2026-08-31T17:53:50.670Z"}
{"level":"info","message":{"duration":"1ms","method":"GET","params":{},"path":"/health/detailed","query":{},"status":200},"timestamp":"2026-08-31T17:53:50.873Z"}
{"level":"info","message":{"duration":"2ms","method":"GET","params":{},"path":"/health/detailed","query":{},"status":200},"timestamp":"2026-08-31T17:53:51.064Z"}
{"level":"info","message":{"duration":"2ms","method":"GET","params":{},"path":"/health/detailed","query":{},"status":200},"timestamp":"2026-08-31T17:53:51.249Z"}
{"level":"info","message":{"duration":"2ms","method":"GET","params":{},"path":"/health/detailed","query":{},"status":200},"timestamp":"2026-08-31T17:53:51.430Z"}
{"level":"info","message":{"duration":"4ms","method":"GET","params":{},"path":"/health/detailed","query":{},"status":200},"timestamp":"2026-08-31T17:53:51.605Z"}
{"level":"info","message":{"duration":"1ms","method":"GET","params":{},"path":"/health/detailed","query":{},"status":200},"timestamp":"2026-08-31T17:53:51.775Z"}
{"level":"info","message":{"duration":"2ms","method":"GET","params":{},"path":"/health/detailed","query":{},"status":200},"timestamp":"2026-08-31T17:53:51.949Z"}
{"level":"info","message":{"duration":"1ms","method":"GET","params":{},"path":"/health/detailed","query":{},"status":200},"timestamp":"2026-08-31T17:53:52.125Z"}
{"level":"info","message":{"duration":"1ms","method":"GET","params":{},"path":"/health/detailed","query":{},"status":200},"timestamp":"2026-08-31T17:53:52.289Z"}
{"level":"info","message":{"duration":"2ms","method":"GET","params":{},"path":"/health/detailed","query":{},"status":200},"timestamp":"2026-08-31T17:53:52.460Z"}
{"level":"info","message":{"duration":"1ms","method":"GET","params":{},"path":"/health/detailed","query":{},"status":200},"timestamp":"2026-08-31T17:53:52.620Z"}
{"level":"info","message":{"duration":"2ms","method":"GET","params":{},"path":"/health/detailed","query":{},"status":200},"timestamp":"2026-08-31T17:53:52.811Z"}
{"level":"info","message":{"duration":"1ms","method":"GET","params":{},"path":"/health/detailed","query":{},"status":200},"timestamp":"2026-08-31T17:53:52.972Z"}
{"level":"info","message":{"duration":"3ms","method":"GET","params":{},"path":"/health/detailed","query":{},"status":200},"timestamp":"2026-08-31T17:53:53.142Z"}
{"level":"info","message":{"duration":"1ms","method":"GET","params":{},"path":"/health/detailed","query":{},"status":200},"timestamp":"2026-08-31T17:53:53.300Z"}
{"level":"info","message":{"duration":"2ms","method":"GET","params":{},"path":"/health/detailed","query":{},"status":200},"timestamp":"2026-08-31T17:53:55.163Z"}
{"level":"info","message":{"duration":"2ms","method":"GET","params":{},"path":"/health/detailed","query":{},"status":200},"timestamp":"2026-08-31T17:53:55.988Z"}
{"level":"info","message":{"duration":"1ms","method":"GET","params":{},"path":"/health/detailed","query":{},"status":200},"timestamp":"2026-08-31T17:53:56.182Z"}
{"level":"info","message":{"duration":"1ms","method":"GET","params":{},"path":"/health/detailed","query":{},"status":200},"timestamp":"2026-08-31T17:53:56.409Z"}
{"level":"info","message":{"duration":"1ms","method":"GET","params":{},"path":"/health/detailed","query":{},"status":200},"timestamp":"2026-08-31T17:53:56.638Z"}
{"level":"info","message":{"duration":"4ms","method":"GET","path":"/health/detaile","query":{},"status":404},"timestamp":"2026-08-31T17:54:02.317Z"}
{"level":"info","message":{"duration":"2ms","method":"GET","params":{},"path":"/health/detailed","query":{},"status":200},"timestamp":"2026-08-31T17:54:06.451Z"}
{"level":"info","message":{"duration":"2ms","method":"GET","params":{},"path":"/health/detailed","query":{},"status":200},"timestamp":"2026-08-31T17:54:08.911Z"}
{"level":"info","message":{"duration":"1ms","method":"GET","params":{},"path":"/health/detailed","query":{},"status":200},"timestamp":"2026-08-31T17:54:09.124Z"}
{"level":"info","message":{"duration":"1ms","method":"GET","params":{},"path":"/health/detailed","query":{},"status":200},"timestamp":"2026-08-31T17:54:09.346Z"}
{"level":"info","message":{"duration":"2ms","method":"GET","params":{},"path":"/health/detailed","query":{},"status":200},"timestamp":"2026-08-31T17:54:10.017Z"}
{"level":"info","message":{"duration":"1ms","method":"GET","params":{},"path":"/health/detailed","query":{},"status":200},"timestamp":"2026-08-31T17:54:10.229Z"}
{"level":"info","message":{"duration":"1ms","method":"GET","params":{},"path":"/health/detailed","query":{},"status":200},"timestamp":"2026-08-31T17:54:10.463Z"}
{"level":"info","message":{"duration":"2ms","method":"GET","params":{},"path":"/health/detailed","query":{},"status":200},"timestamp":"2026-08-31T17:54:10.659Z"}
{"level":"info","message":{"duration":"5ms","method":"GET","params":{},"path":"/health/detailed","query":{},"status":200},"timestamp":"2026-08-31T17:54:10.898Z"}
{"level":"info","message":{"duration":"1ms","method":"GET","params":{},"path":"/health/detailed","query":{},"status":200},"timestamp":"2026-08-31T17:54:31.330Z"}
{"level":"info","message":{"duration":"21ms","method":"GET","params":{},"path":"/health/detailed","query":{},"status":200},"timestamp":"2026-08-31T17:56:40.769Z"}
{"level":"info","message":{"duration":"4ms","method":"GET","params":{},"path":"/health/detailed","query":{},"status":200},"timestamp":"2026-08-31T17:59:04.030Z"}
{"level":"info","message":{"duration":"4ms","method":"GET","params":{},"path":"/health/detailed","query":{},"status":200},"timestamp":"2026-08-31T17:59:05.328Z"}
{"level":"info","message":{"duration":"1ms","method":"GET","params":{},"path":"/health/detailed","query":{},"status":200},"timestamp":"2026-08-31T17:59:06.807Z"}
{"level":"info","message":{"duration":"2ms","method":"GET","params":{},"path":"/health/detailed","query":{},"status":200},"timestamp":"2026-08-31T17:59:07.829Z"}
{"level":"info","message":{"duration":"1ms","method":"GET","params":{},"path":"/health/detailed","query":{},"status":200},"timestamp":"2026-08-31T17:59:08.542Z"}
{"level":"info","message":{"duration":"9ms","method":"GET","params":{},"path":"/health/detailed","query":{},"status":200},"timestamp":"2026-08-31T17:59:08.755Z"}
{"level":"info","message":{"duration":"2ms","method":"GET","params":{},"path":"/health/detailed","query":{},"status":200},"timestamp":"2026-08-31T17:59:08.994Z"}
{"level":"info","message":{"duration":"2ms","method":"GET","params":{},"path":"/health/detailed","query":{},"status":200},"timestamp":"2026-08-31T17:59:09.204Z"}
{"level":"info","message":{"duration":"2ms","method":"GET","params":{},"path":"/health/detailed","query":{},"status":200},"timestamp":"2026-08-31T17:59:09.428Z"}
{"level":"info","message":{"duration":"7ms","method":"GET","params":{},"path":"/health/detailed","query":{},"status":200},"timestamp":"2026-08-31T18:01:23.282Z"}
{"level":"info","message":"Retrieved 0 courses successfully","timestamp":"2026-08-31T18:12:50.887Z"}
{"level":"info","message":{"duration":"84ms","method":"GET","params":{},"path":"/api/courses","query":{},"status":200},"timestamp":"2026-08-31T18:12:50.893Z"}
{"level":"info","message":"Retrieved 0 courses successfully","timestamp":"2026-08-31T18:12:50.905Z"}
{"level":"info","message":{"duration":"5ms","method":"GET","params":{},"path":"/api/courses","query":{},"status":304},"timestamp":"2026-08-31T18:12:50.908Z"}
{"courseId":"6a95c444aacabccab3612d85","level":"info","message":"New course created:","name":"java","timestamp":"2026-08-31T18:13:24.469Z"}
{"level":"info","message":{"body":{"description":"java basic","duration":6,"name":"java","status":"active"},"duration":"47ms","method":"POST","params":{},"path":"/api/courses","query":{},"status":201},"timestamp":"2026-08-31T18:13:24.474Z"}
{"level":"info","message":"Retrieved 1 courses successfully","timestamp":"2026-08-31T18:13:24.490Z"}
{"level":"info","message":{"duration":"16ms","method":"GET","params":{},"path":"/api/courses","query":{},"status":200},"timestamp":"2026-08-31T18:13:24.494Z"}
{"activeCourses":1,"activeStudents":0,"courseCounts":[],"graduates":0,"level":"info","message":"Dashboard statistics retrieved successfully:","successRate":0,"timestamp":"2026-08-31T18:13:24.570Z","totalCourses":1,"totalStudents":0}
{"level":"info","message":{"duration":"74ms","method":"GET","params":{},"path":"/api/dashboard/stats","query":{},"status":200},"timestamp":"2026-08-31T18:13:24.573Z"}
{"level":"info","message":"Retrieved 0 students successfully","timestamp":"2026-08-31T18:13:33.523Z"}
{"level":"info","message":{"duration":"9ms","method":"GET","params":{},"path":"/api/students","query":{},"status":200},"timestamp":"2026-08-31T18:13:33.525Z"}
{"activeCourses":1,"activeStudents":0,"courseCounts":[],"graduates":0,"level":"info","message":"Dashboard statistics retrieved successfully:","successRate":0,"timestamp":"2026-08-31T18:13:33.543Z","totalCourses":1,"totalStudents":0}
{"level":"info","message":{"duration":"25ms","method":"GET","params":{},"path":"/api/dashboard/stats","query":{},"status":304},"timestamp":"2026-08-31T18:13:33.544Z"}
{"level":"info","message":"Retrieved 0 students successfully","timestamp":"2026-08-31T18:13:37.240Z"}
{"level":"info","message":{"duration":"8ms","method":"GET","params":{},"path":"/api/students","query":{},"status":304},"timestamp":"2026-08-31T18:13:37.244Z"}
{"activeCourses":1,"activeStudents":0,"courseCounts":[],"graduates":0,"level":"info","message":"Dashboard statistics retrieved successfully:","successRate":0,"timestamp":"2026-08-31T18:13:37.267Z","totalCourses":1,"totalStudents":0}
{"level":"info","message":{"duration":"33ms","method":"GET","params":{},"path":"/api/dashboard/stats","query":{},"status":304},"timestamp":"2026-08-31T18:13:37.271Z"}
{"level":"info","message":"Retrieved 1 courses successfully","timestamp":"2026-08-31T18:13:38.939Z"}
{"level":"info","message":{"duration":"8ms","method":"GET","params":{},"path":"/api/courses","query":{},"status":304},"timestamp":"2026-08-31T18:13:38.941Z"}
{"level":"info","message":"Retrieved 1 courses successfully","timestamp":"2026-08-31T18:13:49.342Z"}
{"level":"info","message":{"duration":"3ms","method":"GET","params":{},"path":"/api/courses","query":{},"status":304},"timestamp":"2026-08-31T18:13:49.344Z"}
{"level":"info","message":"Retrieved 0 students successfully","timestamp":"2026-08-31T18:13:55.020Z"}
{"level":"info","message":{"duration":"9ms","method":"GET","params":{},"path":"/api/students","query":{},"status":304},"timestamp":"2026-08-31T18:13:55.023Z"}
{"activeCourses":1,"activeStudents":0,"courseCounts":[],"graduates":0,"level":"info","message":"Dashboard statistics retrieved successfully:","successRate":0,"timestamp":"2026-08-31T18:13:55.043Z","totalCourses":1,"totalStudents":0}
{"level":"info","message":{"duration":"28ms","method":"GET","params":{},"path":"/api/dashboard/stats","query":{},"status":304},"timestamp":"2026-08-31T18:13:55.045Z"}
{"level":"info","message":"Retrieved 1 courses successfully","timestamp":"2026-08-31T18:15:14.498Z"}
{"level":"info","message":{"duration":"4ms","method":"GET","params":{},"path":"/api/courses","query":{},"status":304},"timestamp":"2026-08-31T18:15:14.499Z"}
{"level":"info","message":"Retrieved 0 students successfully","timestamp":"2026-08-31T18:15:14.553Z"}
{"level":"info","message":{"duration":"4ms","method":"GET","params":{},"path":"/api/students","query":{},"status":304},"timestamp":"2026-08-31T18:15:14.554Z"}
{"activeCourses":1,"activeStudents":0,"courseCounts":[],"graduates":0,"level":"info","message":"Dashboard statistics retrieved successfully:","successRate":0,"timestamp":"2026-08-31T18:15:14.572Z","totalCourses":1,"totalStudents":0}
{"level":"info","message":{"duration":"23ms","method":"GET","params":{},"path":"/api/dashboard/stats","query":{},"status":304},"timestamp":"2026-08-31T18:15:14.574Z"}
{"level":"info","message":"Retrieved 0 students successfully","timestamp":"2026-08-31T18:15:16.803Z"}
{"level":"info","message":{"duration":"10ms","method":"GET","params":{},"path":"/api/students","query":{},"status":304},"timestamp":"2026-08-31T18:15:16.807Z"}
{"activeCourses":1,"activeStudents":0,"courseCounts":[],"graduates":0,"level":"info","message":"Dashboard statistics retrieved successfully:","successRate":0,"timestamp":"2026-08-31T18:15:16.831Z","totalCourses":1,"totalStudents":0}
{"level":"info","message":{"duration":"35ms","method":"GET","params":{},"path":"/api/dashboard/stats","query":{},"status":304},"timestamp":"2026-08-31T18:15:16.834Z"}
{"course":"6a95c444aacabccab3612d85","level":"info","message":"New student created:","name":"Chinu De","studentId":"6a95c4cfaacabccab3612d86","timestamp":"2026-08-31T18:15:43.643Z"}
{"level":"info","message":{"body":{"course":"6a95c444aacabccab3612d85","email":"chinude.cse.jisu22@gmail.com","enrollmentDate":"2026-09-01","name":"Chinu De","status":"active"},"duration":"22ms","method":"POST","params":{},"path":"/api/students","query":{},"status":201},"timestamp":"2026-08-31T18:15:43.646Z"}
{"level":"info","message":"Retrieved 1 students successfully","timestamp":"2026-08-31T18:15:43.657Z"}
{"level":"info","message":{"duration":"8ms","method":"GET","params":{},"path":"/api/students","query":{},"status":200},"timestamp":"2026-08-31T18:15:43.659Z"}
{"activeCourses":1,"activeStudents":1,"courseCounts":[{"_id":"6a95c444aacabccab3612d85","count":1}],"graduates":0,"level":"info","message":"Dashboard statistics retrieved successfully:","successRate":0,"timestamp":"2026-08-31T18:15:43.690Z","totalCourses":1,"totalStudents":1}
{"level":"info","message":{"duration":"29ms","method":"GET","params":{},"path":"/api/dashboard/stats","query":{},"status":200},"timestamp":"2026-08-31T18:15:43.694Z"}
{"level":"info","message":"Retrieved 1 students successfully","timestamp":"2026-08-31T18:15:47.798Z"}
{"level":"info","message":{"duration":"10ms","method":"GET","params":{},"path":"/api/students","query":{},"status":304},"timestamp":"2026-08-31T18:15:47.803Z"}
{"activeCourses":1,"activeStudents":1,"courseCounts":[{"_id":"6a95c444aacabccab3612d85","count":1}],"graduates":0,"level":"info","message":"Dashboard statistics retrieved successfully:","successRate":0,"timestamp":"2026-08-31T18:15:47.827Z","totalCourses":1,"totalStudents":1}
{"level":"info","message":{"duration":"36ms","method":"GET","params":{},"path":"/api/dashboard/stats","query":{},"status":304},"timestamp":"2026-08-31T18:15:47.830Z"}
{"level":"info","message":"Retrieved 1 courses successfully","timestamp":"2026-08-31T18:17:08.997Z"}
{"level":"info","message":{"duration":"3ms","method":"GET","params":{},"path":"/api/courses","query":{},"status":304},"timestamp":"2026-08-31T18:17:08.998Z"}
{"level":"info","message":"Retrieved 1 students successfully","timestamp":"2026-08-31T18:17:09.009Z"}
{"level":"info","message":{"duration":"5ms","method":"GET","params":{},"path":"/api/students","query":{},"status":304},"timestamp":"2026-08-31T18:17:09.011Z"}
{"activeCourses":1,"activeStudents":1,"courseCounts":[{"_id":"6a95c444aacabccab3612d85","count":1}],"graduates":0,"level":"info","message":"Dashboard statistics retrieved successfully:","successRate":0,"timestamp":"2026-08-31T18:17:09.020Z","totalCourses":1,"totalStudents":1}
{"level":"info","message":{"duration":"12ms","method":"GET","params":{},"path":"/api/dashboard/stats","query":{},"status":304},"timestamp":"2026-08-31T18:17:09.020Z"}
{"level":"info","message":"Retrieved 1 courses successfully","timestamp":"2026-08-31T18:17:09.332Z"}
{"level":"info","message":{"duration":"5ms","method":"GET","params":{},"path":"/api/courses","query":{},"status":304},"timestamp":"2026-08-31T18:17:09.333Z"}
{"level":"info","message":"Retrieved 1 students successfully","timestamp":"2026-08-31T18:17:09.343Z"}
{"level":"info","message":{"duration":"5ms","method":"GET","params":{},"path":"/api/students","query":{},"status":304},"timestamp":"2026-08-31T18:17:09.345Z"}
{"activeCourses":1,"activeStudents":1,"courseCounts":[{"_id":"6a95c444aacabccab3612d85","count":1}],"graduates":0,"level":"info","message":"Dashboard statistics retrieved successfully:","successRate":0,"timestamp":"2026-08-31T18:17:09.360Z","totalCourses":1,"totalStudents":1}
{"level":"info","message":{"duration":"20ms","method":"GET","params":{},"path":"/api/dashboard/stats","query":{},"status":304},"timestamp":"2026-08-31T18:17:09.361Z"}
{"level":"info","message":"Retrieved 1 courses successfully","timestamp":"2026-08-31T18:17:09.742Z"}
{"level":"info","message":{"duration":"3ms","method":"GET","params":{},"path":"/api/courses","query":{},"status":304},"timestamp":"2026-08-31T18:17:09.743Z"}
{"level":"info","message":"Retrieved 1 students successfully","timestamp":"2026-08-31T18:17:09.756Z"}
{"level":"info","message":{"duration":"5ms","method":"GET","params":{},"path":"/api/students","query":{},"status":304},"timestamp":"2026-08-31T18:17:09.757Z"}
{"activeCourses":1,"activeStudents":1,"courseCounts":[{"_id":"6a95c444aacabccab3612d85","count":1}],"graduates":0,"level":"info","message":"Dashboard statistics retrieved successfully:","successRate":0,"timestamp":"2026-08-31T18:17:09.768Z","totalCourses":1,"totalStudents":1}
{"level":"info","message":{"duration":"14ms","method":"GET","params":{},"path":"/api/dashboard/stats","query":{},"status":304},"timestamp":"2026-08-31T18:17:09.769Z"}
{"level":"info","message":"Retrieved 1 courses successfully","timestamp":"2026-08-31T18:17:10.145Z"}
{"level":"info","message":{"duration":"9ms","method":"GET","params":{},"path":"/api/courses","query":{},"status":304},"timestamp":"2026-08-31T18:17:10.147Z"}
{"level":"info","message":"Retrieved 1 students successfully","timestamp":"2026-08-31T18:17:10.164Z"}
{"level":"info","message":{"duration":"7ms","method":"GET","params":{},"path":"/api/students","query":{},"status":304},"timestamp":"2026-08-31T18:17:10.166Z"}
{"activeCourses":1,"activeStudents":1,"courseCounts":[{"_id":"6a95c444aacabccab3612d85","count":1}],"graduates":0,"level":"info","message":"Dashboard statistics retrieved successfully:","successRate":0,"timestamp":"2026-08-31T18:17:10.182Z","totalCourses":1,"totalStudents":1}
{"level":"info","message":{"duration":"21ms","method":"GET","params":{},"path":"/api/dashboard/stats","query":{},"status":304},"timestamp":"2026-08-31T18:17:10.183Z"}
{"level":"info","message":"Retrieved 1 courses successfully","timestamp":"2026-08-31T18:17:10.546Z"}
{"level":"info","message":{"duration":"6ms","method":"GET","params":{},"path":"/api/courses","query":{},"status":304},"timestamp":"2026-08-31T18:17:10.548Z"}
{"level":"info","message":"Retrieved 1 students successfully","timestamp":"2026-08-31T18:17:10.562Z"}
{"level":"info","message":{"duration":"5ms","method":"GET","params":{},"path":"/api/students","query":{},"status":304},"timestamp":"2026-08-31T18:17:10.563Z"}
{"activeCourses":1,"activeStudents":1,"courseCounts":[{"_id":"6a95c444aacabccab3612d85","count":1}],"graduates":0,"level":"info","message":"Dashboard statistics retrieved successfully:","successRate":0,"timestamp":"2026-08-31T18:17:10.580Z","totalCourses":1,"totalStudents":1}
{"level":"info","message":{"duration":"21ms","method":"GET","params":{},"path":"/api/dashboard/stats","query":{},"status":304},"timestamp":"2026-08-31T18:17:10.581Z"}
{"level":"info","message":"Retrieved 1 courses successfully","timestamp":"2026-08-31T18:17:10.949Z"}
{"level":"info","message":{"duration":"3ms","method":"GET","params":{},"path":"/api/courses","query":{},"status":304},"timestamp":"2026-08-31T18:17:10.950Z"}
{"level":"info","message":"Retrieved 1 students successfully","timestamp":"2026-08-31T18:17:10.960Z"}
{"level":"info","message":{"duration":"3ms","method":"GET","params":{},"path":"/api/students","query":{},"status":304},"timestamp":"2026-08-31T18:17:10.961Z"}
{"activeCourses":1,"activeStudents":1,"courseCounts":[{"_id":"6a95c444aacabccab3612d85","count":1}],"graduates":0,"level":"info","message":"Dashboard statistics retrieved successfully:","successRate":0,"timestamp":"2026-08-31T18:17:10.974Z","totalCourses":1,"totalStudents":1}
{"level":"info","message":{"duration":"16ms","method":"GET","params":{},"path":"/api/dashboard/stats","query":{},"status":304},"timestamp":"2026-08-31T18:17:10.975Z"}
{"level":"info","message":"Retrieved 1 courses successfully","timestamp":"2026-08-31T18:17:11.359Z"}
{"level":"info","message":{"duration":"4ms","method":"GET","params":{},"path":"/api/courses","query":{},"status":304},"timestamp":"2026-08-31T18:17:11.360Z"}
{"level":"info","message":"Retrieved 1 students successfully","timestamp":"2026-08-31T18:17:11.372Z"}
{"level":"info","message":{"duration":"6ms","method":"GET","params":{},"path":"/api/students","query":{},"status":304},"timestamp":"2026-08-31T18:17:11.374Z"}
{"activeCourses":1,"activeStudents":1,"courseCounts":[{"_id":"6a95c444aacabccab3612d85","count":1}],"graduates":0,"level":"info","message":"Dashboard statistics retrieved successfully:","successRate":0,"timestamp":"2026-08-31T18:17:11.385Z","totalCourses":1,"totalStudents":1}
{"level":"info","message":{"duration":"16ms","method":"GET","params":{},"path":"/api/dashboard/stats","query":{},"status":304},"timestamp":"2026-08-31T18:17:11.386Z"}
{"level":"info","message":"Retrieved 1 courses successfully","timestamp":"2026-08-31T18:17:11.771Z"}
{"level":"info","message":{"duration":"5ms","method":"GET","params":{},"path":"/api/courses","query":{},"status":304},"timestamp":"2026-08-31T18:17:11.773Z"}
{"level":"info","message":"Retrieved 1 students successfully","timestamp":"2026-08-31T18:17:11.785Z"}
{"level":"info","message":{"duration":"6ms","method":"GET","params":{},"path":"/api/students","query":{},"status":304},"timestamp":"2026-08-31T18:17:11.787Z"}
{"activeCourses":1,"activeStudents":1,"courseCounts":[{"_id":"6a95c444aacabccab3612d85","count":1}],"graduates":0,"level":"info","message":"Dashboard statistics retrieved successfully:","successRate":0,"timestamp":"2026-08-31T18:17:11.801Z","totalCourses":1,"totalStudents":1}
{"level":"info","message":{"duration":"19ms","method":"GET","params":{},"path":"/api/dashboard/stats","query":{},"status":304},"timestamp":"2026-08-31T18:17:11.802Z"}
{"level":"info","message":"Retrieved 1 courses successfully","timestamp":"2026-08-31T18:17:12.180Z"}
{"level":"info","message":{"duration":"3ms","method":"GET","params":{},"path":"/api/courses","query":{},"status":304},"timestamp":"2026-08-31T18:17:12.181Z"}
{"level":"info","message":"Retrieved 1 students successfully","timestamp":"2026-08-31T18:17:12.192Z"}
{"level":"info","message":{"duration":"3ms","method":"GET","params":{},"path":"/api/students","query":{},"status":304},"timestamp":"2026-08-31T18:17:12.193Z"}
{"activeCourses":1,"activeStudents":1,"courseCounts":[{"_id":"6a95c444aacabccab3612d85","count":1}],"graduates":0,"level":"info","message":"Dashboard statistics retrieved successfully:","successRate":0,"timestamp":"2026-08-31T18:17:12.206Z","totalCourses":1,"totalStudents":1}
{"level":"info","message":{"duration":"17ms","method":"GET","params":{},"path":"/api/dashboard/stats","query":{},"status":304},"timestamp":"2026-08-31T18:17:12.208Z"}
{"level":"info","message":"Retrieved 1 courses successfully","timestamp":"2026-08-31T18:17:12.581Z"}
{"level":"info","message":{"duration":"2ms","method":"GET","params":{},"path":"/api/courses","query":{},"status":304},"timestamp":"2026-08-31T18:17:12.582Z"}
{"level":"info","message":"Retrieved 1 students successfully","timestamp":"2026-08-31T18:17:12.593Z"}
{"level":"info","message":{"duration":"4ms","method":"GET","params":{},"path":"/api/students","query":{},"status":304},"timestamp":"2026-08-31T18:17:12.594Z"}
{"activeCourses":1,"activeStudents":1,"courseCounts":[{"_id":"6a95c444aacabccab3612d85","count":1}],"graduates":0,"level":"info","message":"Dashboard statistics retrieved successfully:","successRate":0,"timestamp":"2026-08-31T18:17:12.607Z","totalCourses":1,"totalStudents":1}
{"level":"info","message":{"duration":"16ms","method":"GET","params":{},"path":"/api/dashboard/stats","query":{},"status":304},"timestamp":"2026-08-31T18:17:12.608Z"}
{"level":"info","message":"Retrieved 1 courses successfully","timestamp":"2026-08-31T18:17:13.009Z"}
{"level":"info","message":{"duration":"5ms","method":"GET","params":{},"path":"/api/courses","query":{},"status":304},"timestamp":"2026-08-31T18:17:13.011Z"}
{"level":"info","message":"Retrieved 1 students successfully","timestamp":"2026-08-31T18:17:13.026Z"}
{"level":"info","message":{"duration":"6ms","method":"GET","params":{},"path":"/api/students","query":{},"status":304},"timestamp":"2026-08-31T18:17:13.028Z"}
{"activeCourses":1,"activeStudents":1,"courseCounts":[{"_id":"6a95c444aacabccab3612d85","count":1}],"graduates":0,"level":"info","message":"Dashboard statistics retrieved successfully:","successRate":0,"timestamp":"2026-08-31T18:17:13.043Z","totalCourses":1,"totalStudents":1}
{"level":"info","message":{"duration":"20ms","method":"GET","params":{},"path":"/api/dashboard/stats","query":{},"status":304},"timestamp":"2026-08-31T18:17:13.044Z"}
{"level":"info","message":"Retrieved 1 courses successfully","timestamp":"2026-08-31T18:17:13.401Z"}
{"level":"info","message":{"duration":"4ms","method":"GET","params":{},"path":"/api/courses","query":{},"status":304},"timestamp":"2026-08-31T18:17:13.402Z"}
{"level":"info","message":"Retrieved 1 students successfully","timestamp":"2026-08-31T18:17:13.413Z"}
{"level":"info","message":{"duration":"4ms","method":"GET","params":{},"path":"/api/students","query":{},"status":304},"timestamp":"2026-08-31T18:17:13.414Z"}
{"activeCourses":1,"activeStudents":1,"courseCounts":[{"_id":"6a95c444aacabccab3612d85","count":1}],"graduates":0,"level":"info","message":"Dashboard statistics retrieved successfully:","successRate":0,"timestamp":"2026-08-31T18:17:13.426Z","totalCourses":1,"totalStudents":1}
{"level":"info","message":{"duration":"15ms","method":"GET","params":{},"path":"/api/dashboard/stats","query":{},"status":304},"timestamp":"2026-08-31T18:17:13.427Z"}
{"level":"info","message":"Retrieved 1 courses successfully","timestamp":"2026-08-31T18:17:13.804Z"}
{"level":"info","message":{"duration":"4ms","method":"GET","params":{},"path":"/api/courses","query":{},"status":304},"timestamp":"2026-08-31T18:17:13.806Z"}
{"level":"info","message":"Retrieved 1 students successfully","timestamp":"2026-08-31T18:17:13.824Z"}
{"level":"info","message":{"duration":"7ms","method":"GET","params":{},"path":"/api/students","query":{},"status":304},"timestamp":"2026-08-31T18:17:13.827Z"}
{"activeCourses":1,"activeStudents":1,"courseCounts":[{"_id":"6a95c444aacabccab3612d85","count":1}],"graduates":0,"level":"info","message":"Dashboard statistics retrieved successfully:","successRate":0,"timestamp":"2026-08-31T18:17:13.843Z","totalCourses":1,"totalStudents":1}
{"level":"info","message":{"duration":"24ms","method":"GET","params":{},"path":"/api/dashboard/stats","query":{},"status":304},"timestamp":"2026-08-31T18:17:13.845Z"}
{"level":"info","message":"Retrieved 1 courses successfully","timestamp":"2026-08-31T18:17:14.198Z"}
{"level":"info","message":{"duration":"4ms","method":"GET","params":{},"path":"/api/courses","query":{},"status":304},"timestamp":"2026-08-31T18:17:14.199Z"}
{"level":"info","message":"Retrieved 1 students successfully","timestamp":"2026-08-31T18:17:14.213Z"}
{"level":"info","message":{"duration":"4ms","method":"GET","params":{},"path":"/api/students","query":{},"status":304},"timestamp":"2026-08-31T18:17:14.215Z"}
{"activeCourses":1,"activeStudents":1,"courseCounts":[{"_id":"6a95c444aacabccab3612d85","count":1}],"graduates":0,"level":"info","message":"Dashboard statistics retrieved successfully:","successRate":0,"timestamp":"2026-08-31T18:17:14.227Z","totalCourses":1,"totalStudents":1}
{"level":"info","message":{"duration":"16ms","method":"GET","params":{},"path":"/api/dashboard/stats","query":{},"status":304},"timestamp":"2026-08-31T18:17:14.228Z"}
{"level":"info","message":"Retrieved 1 courses successfully","timestamp":"2026-08-31T18:17:14.615Z"}
{"level":"info","message":{"duration":"5ms","method":"GET","params":{},"path":"/api/courses","query":{},"status":304},"timestamp":"2026-08-31T18:17:14.617Z"}
{"level":"info","message":"Retrieved 1 students successfully","timestamp":"2026-08-31T18:17:14.628Z"}
{"level":"info","message":{"duration":"5ms","method":"GET","params":{},"path":"/api/students","query":{},"status":304},"timestamp":"2026-08-31T18:17:14.630Z"}
{"activeCourses":1,"activeStudents":1,"courseCounts":[{"_id":"6a95c444aacabccab3612d85","count":1}],"graduates":0,"level":"info","message":"Dashboard statistics retrieved successfully:","successRate":0,"timestamp":"2026-08-31T18:17:14.642Z","totalCourses":1,"totalStudents":1}
{"level":"info","message":{"duration":"17ms","method":"GET","params":{},"path":"/api/dashboard/stats","query":{},"status":304},"timestamp":"2026-08-31T18:17:14.643Z"}
{"level":"info","message":"Retrieved 1 courses successfully","timestamp":"2026-08-31T18:17:15.005Z"}
{"level":"info","message":{"duration":"3ms","method":"GET","params":{},"path":"/api/courses","query":{},"status":304},"timestamp":"2026-08-31T18:17:15.006Z"}
{"level":"info","message":"Retrieved 1 students successfully","timestamp":"2026-08-31T18:17:15.018Z"}
{"level":"info","message":{"duration":"3ms","method":"GET","params":{},"path":"/api/students","query":{},"status":304},"timestamp":"2026-08-31T18:17:15.019Z"}
{"activeCourses":1,"activeStudents":1,"courseCounts":[{"_id":"6a95c444aacabccab3612d85","count":1}],"graduates":0,"level":"info","message":"Dashboard statistics retrieved successfully:","successRate":0,"timestamp":"2026-08-31T18:17:15.031Z","totalCourses":1,"totalStudents":1}
{"level":"info","message":{"duration":"15ms","method":"GET","params":{},"path":"/api/dashboard/stats","query":{},"status":304},"timestamp":"2026-08-31T18:17:15.032Z"}
{"level":"info","message":"Retrieved 1 courses successfully","timestamp":"2026-08-31T18:17:15.439Z"}
{"level":"info","message":{"duration":"4ms","method":"GET","params":{},"path":"/api/courses","query":{},"status":304},"timestamp":"2026-08-31T18:17:15.440Z"}
{"level":"info","message":"Retrieved 1 students successfully","timestamp":"2026-08-31T18:17:15.454Z"}
{"level":"info","message":{"duration":"4ms","method":"GET","params":{},"path":"/api/students","query":{},"status":304},"timestamp":"2026-08-31T18:17:15.455Z"}
{"activeCourses":1,"activeStudents":1,"courseCounts":[{"_id":"6a95c444aacabccab3612d85","count":1}],"graduates":0,"level":"info","message":"Dashboard statistics retrieved successfully:","successRate":0,"timestamp":"2026-08-31T18:17:15.470Z","totalCourses":1,"totalStudents":1}
{"level":"info","message":{"duration":"18ms","method":"GET","params":{},"path":"/api/dashboard/stats","query":{},"status":304},"timestamp":"2026-08-31T18:17:15.470Z"}
{"level":"info","message":"Retrieved 1 courses successfully","timestamp":"2026-08-31T18:17:15.823Z"}
{"level":"info","message":{"duration":"4ms","method":"GET","params":{},"path":"/api/courses","query":{},"status":304},"timestamp":"2026-08-31T18:17:15.824Z"}
{"level":"info","message":"Retrieved 1 students successfully","timestamp":"2026-08-31T18:17:15.838Z"}
{"level":"info","message":{"duration":"5ms","method":"GET","params":{},"path":"/api/students","query":{},"status":304},"timestamp":"2026-08-31T18:17:15.839Z"}
{"activeCourses":1,"activeStudents":1,"courseCounts":[{"_id":"6a95c444aacabccab3612d85","count":1}],"graduates":0,"level":"info","message":"Dashboard statistics retrieved successfully:","successRate":0,"timestamp":"2026-08-31T18:17:15.848Z","totalCourses":1,"totalStudents":1}
{"level":"info","message":{"duration":"13ms","method":"GET","params":{},"path":"/api/dashboard/stats","query":{},"status":304},"timestamp":"2026-08-31T18:17:15.849Z"}
{"level":"info","message":"Retrieved 1 courses successfully","timestamp":"2026-08-31T18:17:16.222Z"}
{"level":"info","message":{"duration":"4ms","method":"GET","params":{},"path":"/api/courses","query":{},"status":304},"timestamp":"2026-08-31T18:17:16.223Z"}
{"level":"info","message":"Retrieved 1 students successfully","timestamp":"2026-08-31T18:17:16.234Z"}
{"level":"info","message":{"duration":"3ms","method":"GET","params":{},"path":"/api/students","query":{},"status":304},"timestamp":"2026-08-31T18:17:16.235Z"}
{"activeCourses":1,"activeStudents":1,"courseCounts":[{"_id":"6a95c444aacabccab3612d85","count":1}],"graduates":0,"level":"info","message":"Dashboard statistics retrieved successfully:","successRate":0,"timestamp":"2026-08-31T18:17:16.249Z","totalCourses":1,"totalStudents":1}
{"level":"info","message":{"duration":"17ms","method":"GET","params":{},"path":"/api/dashboard/stats","query":{},"status":304},"timestamp":"2026-08-31T18:17:16.250Z"}
{"level":"info","message":"Retrieved 1 courses successfully","timestamp":"2026-08-31T18:17:16.634Z"}
{"level":"info","message":{"duration":"4ms","method":"GET","params":{},"path":"/api/courses","query":{},"status":304},"timestamp":"2026-08-31T18:17:16.636Z"}
{"level":"info","message":"Retrieved 1 students successfully","timestamp":"2026-08-31T18:17:16.650Z"}
{"level":"info","message":{"duration":"4ms","method":"GET","params":{},"path":"/api/students","query":{},"status":304},"timestamp":"2026-08-31T18:17:16.651Z"}
{"activeCourses":1,"activeStudents":1,"courseCounts":[{"_id":"6a95c444aacabccab3612d85","count":1}],"graduates":0,"level":"info","message":"Dashboard statistics retrieved successfully:","successRate":0,"timestamp":"2026-08-31T18:17:16.663Z","totalCourses":1,"totalStudents":1}
{"level":"info","message":{"duration":"15ms","method":"GET","params":{},"path":"/api/dashboard/stats","query":{},"status":304},"timestamp":"2026-08-31T18:17:16.664Z"}
{"level":"info","message":"Retrieved 1 courses successfully","timestamp":"2026-08-31T18:17:17.024Z"}
{"level":"info","message":{"duration":"3ms","method":"GET","params":{},"path":"/api/courses","query":{},"status":304},"timestamp":"2026-08-31T18:17:17.025Z"}
{"level":"info","message":"Retrieved 1 students successfully","timestamp":"2026-08-31T18:17:17.038Z"}
{"level":"info","message":{"duration":"4ms","method":"GET","params":{},"path":"/api/students","query":{},"status":304},"timestamp":"2026-08-31T18:17:17.040Z"}
{"activeCourses":1,"activeStudents":1,"courseCounts":[{"_id":"6a95c444aacabccab3612d85","count":1}],"graduates":0,"level":"info","message":"Dashboard statistics retrieved successfully:","successRate":0,"timestamp":"2026-08-31T18:17:17.052Z","totalCourses":1,"totalStudents":1}
{"level":"info","message":{"duration":"17ms","method":"GET","params":{},"path":"/api/dashboard/stats","query":{},"status":304},"timestamp":"2026-08-31T18:17:17.054Z"}
{"level":"info","message":"Retrieved 1 courses successfully","timestamp":"2026-08-31T18:17:17.454Z"}
{"level":"info","message":{"duration":"4ms","method":"GET","params":{},"path":"/api/courses","query":{},"status":304},"timestamp":"2026-08-31T18:17:17.455Z"}
{"level":"info","message":"Retrieved 1 students successfully","timestamp":"2026-08-31T18:17:17.470Z"}
{"level":"info","message":{"duration":"5ms","method":"GET","params":{},"path":"/api/students","query":{},"status":304},"timestamp":"2026-08-31T18:17:17.472Z"}
{"activeCourses":1,"activeStudents":1,"courseCounts":[{"_id":"6a95c444aacabccab3612d85","count":1}],"graduates":0,"level":"info","message":"Dashboard statistics retrieved successfully:","successRate":0,"timestamp":"2026-08-31T18:17:17.485Z","totalCourses":1,"totalStudents":1}
{"level":"info","message":{"duration":"18ms","method":"GET","params":{},"path":"/api/dashboard/stats","query":{},"status":304},"timestamp":"2026-08-31T18:17:17.486Z"}
{"level":"info","message":"Retrieved 1 courses successfully","timestamp":"2026-08-31T18:17:17.842Z"}
{"level":"info","message":{"duration":"5ms","method":"GET","params":{},"path":"/api/courses","query":{},"status":304},"timestamp":"2026-08-31T18:17:17.844Z"}
{"level":"info","message":"Retrieved 1 students successfully","timestamp":"2026-08-31T18:17:17.859Z"}
{"level":"info","message":{"duration":"6ms","method":"GET","params":{},"path":"/api/students","query":{},"status":304},"timestamp":"2026-08-31T18:17:17.860Z"}
{"activeCourses":1,"activeStudents":1,"courseCounts":[{"_id":"6a95c444aacabccab3612d85","count":1}],"graduates":0,"level":"info","message":"Dashboard statistics retrieved successfully:","successRate":0,"timestamp":"2026-08-31T18:17:17.870Z","totalCourses":1,"totalStudents":1}
{"level":"info","message":{"duration":"16ms","method":"GET","params":{},"path":"/api/dashboard/stats","query":{},"status":304},"timestamp":"2026-08-31T18:17:17.871Z"}
{"level":"info","message":"Retrieved 1 courses successfully","timestamp":"2026-08-31T18:17:18.246Z"}
{"level":"info","message":{"duration":"5ms","method":"GET","params":{},"path":"/api/courses","query":{},"status":304},"timestamp":"2026-08-31T18:17:18.247Z"}
{"level":"info","message":"Retrieved 1 students successfully","timestamp":"2026-08-31T18:17:18.261Z"}
{"level":"info","message":{"duration":"5ms","method":"GET","params":{},"path":"/api/students","query":{},"status":304},"timestamp":"2026-08-31T18:17:18.262Z"}
{"activeCourses":1,"activeStudents":1,"courseCounts":[{"_id":"6a95c444aacabccab3612d85","count":1}],"graduates":0,"level":"info","message":"Dashboard statistics retrieved successfully:","successRate":0,"timestamp":"2026-08-31T18:17:18.275Z","totalCourses":1,"totalStudents":1}
{"level":"info","message":{"duration":"18ms","method":"GET","params":{},"path":"/api/dashboard/stats","query":{},"status":304},"timestamp":"2026-08-31T18:17:18.277Z"}
{"level":"info","message":"Retrieved 1 courses successfully","timestamp":"2026-08-31T18:17:18.653Z"}
{"level":"info","message":{"duration":"4ms","method":"GET","params":{},"path":"/api/courses","query":{},"status":304},"timestamp":"2026-08-31T18:17:18.654Z"}
{"level":"info","message":"Retrieved 1 students successfully","timestamp":"2026-08-31T18:17:18.667Z"}
{"level":"info","message":{"duration":"6ms","method":"GET","params":{},"path":"/api/students","query":{},"status":304},"timestamp":"2026-08-31T18:17:18.668Z"}
{"activeCourses":1,"activeStudents":1,"courseCounts":[{"_id":"6a95c444aacabccab3612d85","count":1}],"graduates":0,"level":"info","message":"Dashboard statistics retrieved successfully:","successRate":0,"timestamp":"2026-08-31T18:17:18.679Z","totalCourses":1,"totalStudents":1}
{"level":"info","message":{"duration":"15ms","method":"GET","params":{},"path":"/api/dashboard/stats","query":{},"status":304},"timestamp":"2026-08-31T18:17:18.680Z"}
{"level":"info","message":"Retrieved 1 courses successfully","timestamp":"2026-08-31T18:17:19.055Z"}
{"level":"info","message":{"duration":"3ms","method":"GET","params":{},"path":"/api/courses","query":{},"status":304},"timestamp":"2026-08-31T18:17:19.056Z"}
{"level":"info","message":"Retrieved 1 students successfully","timestamp":"2026-08-31T18:17:19.067Z"}
{"level":"info","message":{"duration":"5ms","method":"GET","params":{},"path":"/api/students","query":{},"status":304},"timestamp":"2026-08-31T18:17:19.068Z"}
{"activeCourses":1,"activeStudents":1,"courseCounts":[{"_id":"6a95c444aacabccab3612d85","count":1}],"graduates":0,"level":"info","message":"Dashboard statistics retrieved successfully:","successRate":0,"timestamp":"2026-08-31T18:17:19.080Z","totalCourses":1,"totalStudents":1}
{"level":"info","message":{"duration":"16ms","method":"GET","params":{},"path":"/api/dashboard/stats","query":{},"status":304},"timestamp":"2026-08-31T18:17:19.081Z"}
{"level":"info","message":"Retrieved 1 courses successfully","timestamp":"2026-08-31T18:17:19.454Z"}
{"level":"info","message":{"duration":"3ms","method":"GET","params":{},"path":"/api/courses","query":{},"status":304},"timestamp":"2026-08-31T18:17:19.455Z"}
{"level":"info","message":"Retrieved 1 students successfully","timestamp":"2026-08-31T18:17:19.466Z"}
{"level":"info","message":{"duration":"4ms","method":"GET","params":{},"path":"/api/students","query":{},"status":304},"timestamp":"2026-08-31T18:17:19.467Z"}
{"activeCourses":1,"activeStudents":1,"courseCounts":[{"_id":"6a95c444aacabccab3612d85","count":1}],"graduates":0,"level":"info","message":"Dashboard statistics retrieved successfully:","successRate":0,"timestamp":"2026-08-31T18:17:19.477Z","totalCourses":1,"totalStudents":1}
{"level":"info","message":{"duration":"13ms","method":"GET","params":{},"path":"/api/dashboard/stats","query":{},"status":304},"timestamp":"2026-08-31T18:17:19.478Z"}
{"level":"info","message":"Retrieved 1 courses successfully","timestamp":"2026-08-31T18:17:19.855Z"}
{"level":"info","message":{"duration":"4ms","method":"GET","params":{},"path":"/api/courses","query":{},"status":304},"timestamp":"2026-08-31T18:17:19.856Z"}
{"level":"info","message":"Retrieved 1 students successfully","timestamp":"2026-08-31T18:17:19.875Z"}
{"level":"info","message":{"duration":"7ms","method":"GET","params":{},"path":"/api/students","query":{},"status":304},"timestamp":"2026-08-31T18:17:19.878Z"}
{"activeCourses":1,"activeStudents":1,"courseCounts":[{"_id":"6a95c444aacabccab3612d85","count":1}],"graduates":0,"level":"info","message":"Dashboard statistics retrieved successfully:","successRate":0,"timestamp":"2026-08-31T18:17:19.889Z","totalCourses":1,"totalStudents":1}
{"level":"info","message":{"duration":"16ms","method":"GET","params":{},"path":"/api/dashboard/stats","query":{},"status":304},"timestamp":"2026-08-31T18:17:19.890Z"}
{"level":"info","message":"Retrieved 1 courses successfully","timestamp":"2026-08-31T18:17:20.250Z"}
{"level":"info","message":{"duration":"4ms","method":"GET","params":{},"path":"/api/courses","query":{},"status":304},"timestamp":"2026-08-31T18:17:20.252Z"}
{"level":"info","message":"Retrieved 1 students successfully","timestamp":"2026-08-31T18:17:20.270Z"}
{"level":"info","message":{"duration":"5ms","method":"GET","params":{},"path":"/api/students","query":{},"status":304},"timestamp":"2026-08-31T18:17:20.273Z"}
{"activeCourses":1,"activeStudents":1,"courseCounts":[{"_id":"6a95c444aacabccab3612d85","count":1}],"graduates":0,"level":"info","message":"Dashboard statistics retrieved successfully:","successRate":0,"timestamp":"2026-08-31T18:17:20.290Z","totalCourses":1,"totalStudents":1}
{"level":"info","message":{"duration":"22ms","method":"GET","params":{},"path":"/api/dashboard/stats","query":{},"status":304},"timestamp":"2026-08-31T18:17:20.291Z"}
{"level":"info","message":"Retrieved 1 courses successfully","timestamp":"2026-08-31T18:17:20.663Z"}
{"level":"info","message":{"duration":"6ms","method":"GET","params":{},"path":"/api/courses","query":{},"status":304},"timestamp":"2026-08-31T18:17:20.665Z"}
{"level":"info","message":"Retrieved 1 students successfully","timestamp":"2026-08-31T18:17:20.680Z"}
{"level":"info","message":{"duration":"4ms","method":"GET","params":{},"path":"/api/students","query":{},"status":304},"timestamp":"2026-08-31T18:17:20.682Z"}
{"activeCourses":1,"activeStudents":1,"courseCounts":[{"_id":"6a95c444aacabccab3612d85","count":1}],"graduates":0,"level":"info","message":"Dashboard statistics retrieved successfully:","successRate":0,"timestamp":"2026-08-31T18:17:20.699Z","totalCourses":1,"totalStudents":1}
{"level":"info","message":{"duration":"22ms","method":"GET","params":{},"path":"/api/dashboard/stats","query":{},"status":304},"timestamp":"2026-08-31T18:17:20.701Z"}
{"level":"info","message":"Retrieved 1 courses successfully","timestamp":"2026-08-31T18:17:21.068Z"}
{"level":"info","message":{"duration":"4ms","method":"GET","params":{},"path":"/api/courses","query":{},"status":304},"timestamp":"2026-08-31T18:17:21.070Z"}
{"level":"info","message":"Retrieved 1 students successfully","timestamp":"2026-08-31T18:17:21.082Z"}
{"level":"info","message":{"duration":"5ms","method":"GET","params":{},"path":"/api/students","query":{},"status":304},"timestamp":"2026-08-31T18:17:21.083Z"}
{"activeCourses":1,"activeStudents":1,"courseCounts":[{"_id":"6a95c444aacabccab3612d85","count":1}],"graduates":0,"level":"info","message":"Dashboard statistics retrieved successfully:","successRate":0,"timestamp":"2026-08-31T18:17:21.095Z","totalCourses":1,"totalStudents":1}
{"level":"info","message":{"duration":"17ms","method":"GET","params":{},"path":"/api/dashboard/stats","query":{},"status":304},"timestamp":"2026-08-31T18:17:21.096Z"}
{"level":"info","message":"Retrieved 1 courses successfully","timestamp":"2026-08-31T18:17:21.457Z"}
{"level":"info","message":{"duration":"5ms","method":"GET","params":{},"path":"/api/courses","query":{},"status":304},"timestamp":"2026-08-31T18:17:21.459Z"}
{"level":"info","message":"Retrieved 1 students successfully","timestamp":"2026-08-31T18:17:21.468Z"}
{"level":"info","message":{"duration":"5ms","method":"GET","params":{},"path":"/api/students","query":{},"status":304},"timestamp":"2026-08-31T18:17:21.470Z"}
{"activeCourses":1,"activeStudents":1,"courseCounts":[{"_id":"6a95c444aacabccab3612d85","count":1}],"graduates":0,"level":"info","message":"Dashboard statistics retrieved successfully:","successRate":0,"timestamp":"2026-08-31T18:17:21.480Z","totalCourses":1,"totalStudents":1}
{"level":"info","message":{"duration":"15ms","method":"GET","params":{},"path":"/api/dashboard/stats","query":{},"status":304},"timestamp":"2026-08-31T18:17:21.481Z"}
{"level":"info","message":"Retrieved 1 courses successfully","timestamp":"2026-08-31T18:17:21.859Z"}
{"level":"info","message":{"duration":"3ms","method":"GET","params":{},"path":"/api/courses","query":{},"status":304},"timestamp":"2026-08-31T18:17:21.860Z"}
{"level":"info","message":"Retrieved 1 students successfully","timestamp":"2026-08-31T18:17:21.876Z"}
{"level":"info","message":{"duration":"8ms","method":"GET","params":{},"path":"/api/students","query":{},"status":304},"timestamp":"2026-08-31T18:17:21.879Z"}
{"activeCourses":1,"activeStudents":1,"courseCounts":[{"_id":"6a95c444aacabccab3612d85","count":1}],"graduates":0,"level":"info","message":"Dashboard statistics retrieved successfully:","successRate":0,"timestamp":"2026-08-31T18:17:21.895Z","totalCourses":1,"totalStudents":1}
{"level":"info","message":{"duration":"22ms","method":"GET","params":{},"path":"/api/dashboard/stats","query":{},"status":304},"timestamp":"2026-08-31T18:17:21.896Z"}
{"level":"info","message":"Retrieved 1 courses successfully","timestamp":"2026-08-31T18:17:22.272Z"}
{"level":"info","message":{"duration":"4ms","method":"GET","params":{},"path":"/api/courses","query":{},"status":304},"timestamp":"2026-08-31T18:17:22.274Z"}
{"level":"info","message":"Retrieved 1 students successfully","timestamp":"2026-08-31T18:17:22.286Z"}
{"level":"info","message":{"duration":"4ms","method":"GET","params":{},"path":"/api/students","query":{},"status":304},"timestamp":"2026-08-31T18:17:22.287Z"}
{"activeCourses":1,"activeStudents":1,"courseCounts":[{"_id":"6a95c444aacabccab3612d85","count":1}],"graduates":0,"level":"info","message":"Dashboard statistics retrieved successfully:","successRate":0,"timestamp":"2026-08-31T18:17:22.299Z","totalCourses":1,"totalStudents":1}
{"level":"info","message":{"duration":"15ms","method":"GET","params":{},"path":"/api/dashboard/stats","query":{},"status":304},"timestamp":"2026-08-31T18:17:22.300Z"}
{"level":"info","message":"Retrieved 1 courses successfully","timestamp":"2026-08-31T18:17:22.647Z"}
{"level":"info","message":{"duration":"3ms","method":"GET","params":{},"path":"/api/courses","query":{},"status":304},"timestamp":"2026-08-31T18:17:22.648Z"}
{"level":"info","message":"Retrieved 1 students successfully","timestamp":"2026-08-31T18:17:22.657Z"}
{"level":"info","message":{"duration":"4ms","method":"GET","params":{},"path":"/api/students","query":{},"status":304},"timestamp":"2026-08-31T18:17:22.658Z"}
{"activeCourses":1,"activeStudents":1,"courseCounts":[{"_id":"6a95c444aacabccab3612d85","count":1}],"graduates":0,"level":"info","message":"Dashboard statistics retrieved successfully:","successRate":0,"timestamp":"2026-08-31T18:17:22.670Z","totalCourses":1,"totalStudents":1}
{"level":"info","message":{"duration":"17ms","method":"GET","params":{},"path":"/api/dashboard/stats","query":{},"status":304},"timestamp":"2026-08-31T18:17:22.672Z"}
{"level":"info","message":"Retrieved 1 courses successfully","timestamp":"2026-08-31T18:17:23.053Z"}
{"level":"info","message":{"duration":"4ms","method":"GET","params":{},"path":"/api/courses","query":{},"status":304},"timestamp":"2026-08-31T18:17:23.055Z"}
{"level":"info","message":"Retrieved 1 students successfully","timestamp":"2026-08-31T18:17:23.065Z"}
{"level":"info","message":{"duration":"4ms","method":"GET","params":{},"path":"/api/students","query":{},"status":304},"timestamp":"2026-08-31T18:17:23.066Z"}
{"activeCourses":1,"activeStudents":1,"courseCounts":[{"_id":"6a95c444aacabccab3612d85","count":1}],"graduates":0,"level":"info","message":"Dashboard statistics retrieved successfully:","successRate":0,"timestamp":"2026-08-31T18:17:23.075Z","totalCourses":1,"totalStudents":1}
{"level":"info","message":{"duration":"13ms","method":"GET","params":{},"path":"/api/dashboard/stats","query":{},"status":304},"timestamp":"2026-08-31T18:17:23.076Z"}
{"level":"info","message":"Retrieved 1 courses successfully","timestamp":"2026-08-31T18:17:23.465Z"}
{"level":"info","message":{"duration":"3ms","method":"GET","params":{},"path":"/api/courses","query":{},"status":304},"timestamp":"2026-08-31T18:17:23.466Z"}
{"level":"info","message":"Retrieved 1 students successfully","timestamp":"2026-08-31T18:17:23.478Z"}
{"level":"info","message":{"duration":"4ms","method":"GET","params":{},"path":"/api/students","query":{},"status":304},"timestamp":"2026-08-31T18:17:23.479Z"}
{"activeCourses":1,"activeStudents":1,"courseCounts":[{"_id":"6a95c444aacabccab3612d85","count":1}],"graduates":0,"level":"info","message":"Dashboard statistics retrieved successfully:","successRate":0,"timestamp":"2026-08-31T18:17:23.492Z","totalCourses":1,"totalStudents":1}
{"level":"info","message":{"duration":"16ms","method":"GET","params":{},"path":"/api/dashboard/stats","query":{},"status":304},"timestamp":"2026-08-31T18:17:23.493Z"}
{"level":"info","message":"Retrieved 1 courses successfully","timestamp":"2026-08-31T18:17:23.857Z"}
{"level":"info","message":{"duration":"5ms","method":"GET","params":{},"path":"/api/courses","query":{},"status":304},"timestamp":"2026-08-31T18:17:23.859Z"}
{"level":"info","message":"Retrieved 1 students successfully","timestamp":"2026-08-31T18:17:23.868Z"}
{"level":"info","message":{"duration":"4ms","method":"GET","params":{},"path":"/api/students","query":{},"status":304},"timestamp":"2026-08-31T18:17:23.869Z"}
{"activeCourses":1,"activeStudents":1,"courseCounts":[{"_id":"6a95c444aacabccab3612d85","count":1}],"graduates":0,"level":"info","message":"Dashboard statistics retrieved successfully:","successRate":0,"timestamp":"2026-08-31T18:17:23.885Z","totalCourses":1,"totalStudents":1}
{"level":"info","message":{"duration":"20ms","method":"GET","params":{},"path":"/api/dashboard/stats","query":{},"status":304},"timestamp":"2026-08-31T18:17:23.886Z"}
{"level":"info","message":"Retrieved 1 courses successfully","timestamp":"2026-08-31T18:17:24.266Z"}
{"level":"info","message":{"duration":"5ms","method":"GET","params":{},"path":"/api/courses","query":{},"status":304},"timestamp":"2026-08-31T18:17:24.268Z"}
{"level":"info","message":"Retrieved 1 students successfully","timestamp":"2026-08-31T18:17:24.278Z"}
{"level":"info","message":{"duration":"4ms","method":"GET","params":{},"path":"/api/students","query":{},"status":304},"timestamp":"2026-08-31T18:17:24.280Z"}
{"activeCourses":1,"activeStudents":1,"courseCounts":[{"_id":"6a95c444aacabccab3612d85","count":1}],"graduates":0,"level":"info","message":"Dashboard statistics retrieved successfully:","successRate":0,"timestamp":"2026-08-31T18:17:24.295Z","totalCourses":1,"totalStudents":1}
{"level":"info","message":{"duration":"20ms","method":"GET","params":{},"path":"/api/dashboard/stats","query":{},"status":304},"timestamp":"2026-08-31T18:17:24.296Z"}
{"level":"info","message":"Retrieved 1 courses successfully","timestamp":"2026-08-31T18:17:24.684Z"}
{"level":"info","message":{"duration":"3ms","method":"GET","params":{},"path":"/api/courses","query":{},"status":304},"timestamp":"2026-08-31T18:17:24.685Z"}
{"level":"info","message":"Retrieved 1 students successfully","timestamp":"2026-08-31T18:17:24.695Z"}
{"level":"info","message":{"duration":"3ms","method":"GET","params":{},"path":"/api/students","query":{},"status":304},"timestamp":"2026-08-31T18:17:24.696Z"}
{"activeCourses":1,"activeStudents":1,"courseCounts":[{"_id":"6a95c444aacabccab3612d85","count":1}],"graduates":0,"level":"info","message":"Dashboard statistics retrieved successfully:","successRate":0,"timestamp":"2026-08-31T18:17:24.707Z","totalCourses":1,"totalStudents":1}
{"level":"info","message":{"duration":"14ms","method":"GET","params":{},"path":"/api/dashboard/stats","query":{},"status":304},"timestamp":"2026-08-31T18:17:24.708Z"}
{"level":"info","message":"Retrieved 1 courses successfully","timestamp":"2026-08-31T18:17:25.087Z"}
{"level":"info","message":{"duration":"3ms","method":"GET","params":{},"path":"/api/courses","query":{},"status":304},"timestamp":"2026-08-31T18:17:25.087Z"}
{"level":"info","message":"Retrieved 1 students successfully","timestamp":"2026-08-31T18:17:25.105Z"}
{"level":"info","message":{"duration":"7ms","method":"GET","params":{},"path":"/api/students","query":{},"status":304},"timestamp":"2026-08-31T18:17:25.107Z"}
{"activeCourses":1,"activeStudents":1,"courseCounts":[{"_id":"6a95c444aacabccab3612d85","count":1}],"graduates":0,"level":"info","message":"Dashboard statistics retrieved successfully:","successRate":0,"timestamp":"2026-08-31T18:17:25.126Z","totalCourses":1,"totalStudents":1}
{"level":"info","message":{"duration":"25ms","method":"GET","params":{},"path":"/api/dashboard/stats","query":{},"status":304},"timestamp":"2026-08-31T18:17:25.127Z"}
{"level":"info","message":"Retrieved 1 courses successfully","timestamp":"2026-08-31T18:17:25.488Z"}
{"level":"info","message":{"duration":"5ms","method":"GET","params":{},"path":"/api/courses","query":{},"status":304},"timestamp":"2026-08-31T18:17:25.490Z"}
{"level":"info","message":"Retrieved 1 students successfully","timestamp":"2026-08-31T18:17:25.499Z"}
{"level":"info","message":{"duration":"3ms","method":"GET","params":{},"path":"/api/students","query":{},"status":304},"timestamp":"2026-08-31T18:17:25.501Z"}
{"activeCourses":1,"activeStudents":1,"courseCounts":[{"_id":"6a95c444aacabccab3612d85","count":1}],"graduates":0,"level":"info","message":"Dashboard statistics retrieved successfully:","successRate":0,"timestamp":"2026-08-31T18:17:25.512Z","totalCourses":1,"totalStudents":1}
{"level":"info","message":{"duration":"14ms","method":"GET","params":{},"path":"/api/dashboard/stats","query":{},"status":304},"timestamp":"2026-08-31T18:17:25.512Z"}
{"level":"info","message":"Retrieved 1 courses successfully","timestamp":"2026-08-31T18:17:25.893Z"}
{"level":"info","message":{"duration":"6ms","method":"GET","params":{},"path":"/api/courses","query":{},"status":304},"timestamp":"2026-08-31T18:17:25.895Z"}
{"level":"info","message":"Retrieved 1 students successfully","timestamp":"2026-08-31T18:17:25.906Z"}
{"level":"info","message":{"duration":"4ms","method":"GET","params":{},"path":"/api/students","query":{},"status":304},"timestamp":"2026-08-31T18:17:25.908Z"}
{"activeCourses":1,"activeStudents":1,"courseCounts":[{"_id":"6a95c444aacabccab3612d85","count":1}],"graduates":0,"level":"info","message":"Dashboard statistics retrieved successfully:","successRate":0,"timestamp":"2026-08-31T18:17:25.921Z","totalCourses":1,"totalStudents":1}
{"level":"info","message":{"duration":"16ms","method":"GET","params":{},"path":"/api/dashboard/stats","query":{},"status":304},"timestamp":"2026-08-31T18:17:25.921Z"}
{"level":"info","message":"Retrieved 1 courses successfully","timestamp":"2026-08-31T18:17:26.291Z"}
{"level":"info","message":{"duration":"6ms","method":"GET","params":{},"path":"/api/courses","query":{},"status":304},"timestamp":"2026-08-31T18:17:26.294Z"}
{"level":"info","message":"Retrieved 1 students successfully","timestamp":"2026-08-31T18:17:26.309Z"}
{"level":"info","message":{"duration":"4ms","method":"GET","params":{},"path":"/api/students","query":{},"status":304},"timestamp":"2026-08-31T18:17:26.310Z"}
{"activeCourses":1,"activeStudents":1,"courseCounts":[{"_id":"6a95c444aacabccab3612d85","count":1}],"graduates":0,"level":"info","message":"Dashboard statistics retrieved successfully:","successRate":0,"timestamp":"2026-08-31T18:17:26.326Z","totalCourses":1,"totalStudents":1}
{"level":"info","message":{"duration":"20ms","method":"GET","params":{},"path":"/api/dashboard/stats","query":{},"status":304},"timestamp":"2026-08-31T18:17:26.327Z"}
{"level":"info","message":"Retrieved 1 courses successfully","timestamp":"2026-08-31T18:17:26.704Z"}
{"level":"info","message":{"duration":"3ms","method":"GET","params":{},"path":"/api/courses","query":{},"status":304},"timestamp":"2026-08-31T18:17:26.705Z"}
{"level":"info","message":"Retrieved 1 students successfully","timestamp":"2026-08-31T18:17:26.717Z"}
{"level":"info","message":{"duration":"3ms","method":"GET","params":{},"path":"/api/students","query":{},"status":304},"timestamp":"2026-08-31T18:17:26.718Z"}
{"activeCourses":1,"activeStudents":1,"courseCounts":[{"_id":"6a95c444aacabccab3612d85","count":1}],"graduates":0,"level":"info","message":"Dashboard statistics retrieved successfully:","successRate":0,"timestamp":"2026-08-31T18:17:26.732Z","totalCourses":1,"totalStudents":1}
{"level":"info","message":{"duration":"17ms","method":"GET","params":{},"path":"/api/dashboard/stats","query":{},"status":304},"timestamp":"2026-08-31T18:17:26.733Z"}
{"level":"info","message":"Retrieved 1 courses successfully","timestamp":"2026-08-31T18:17:27.086Z"}
{"level":"info","message":{"duration":"2ms","method":"GET","params":{},"path":"/api/courses","query":{},"status":304},"timestamp":"2026-08-31T18:17:27.087Z"}
{"level":"info","message":"Retrieved 1 students successfully","timestamp":"2026-08-31T18:17:27.097Z"}
{"level":"info","message":{"duration":"3ms","method":"GET","params":{},"path":"/api/students","query":{},"status":304},"timestamp":"2026-08-31T18:17:27.098Z"}
{"activeCourses":1,"activeStudents":1,"courseCounts":[{"_id":"6a95c444aacabccab3612d85","count":1}],"graduates":0,"level":"info","message":"Dashboard statistics retrieved successfully:","successRate":0,"timestamp":"2026-08-31T18:17:27.109Z","totalCourses":1,"totalStudents":1}
{"level":"info","message":{"duration":"13ms","method":"GET","params":{},"path":"/api/dashboard/stats","query":{},"status":304},"timestamp":"2026-08-31T18:17:27.110Z"}
{"level":"info","message":"Retrieved 1 courses successfully","timestamp":"2026-08-31T18:17:27.521Z"}
{"level":"info","message":{"duration":"5ms","method":"GET","params":{},"path":"/api/courses","query":{},"status":304},"timestamp":"2026-08-31T18:17:27.523Z"}
{"level":"info","message":"Retrieved 1 students successfully","timestamp":"2026-08-31T18:17:27.535Z"}
{"level":"info","message":{"duration":"3ms","method":"GET","params":{},"path":"/api/students","query":{},"status":304},"timestamp":"2026-08-31T18:17:27.536Z"}
{"activeCourses":1,"activeStudents":1,"courseCounts":[{"_id":"6a95c444aacabccab3612d85","count":1}],"graduates":0,"level":"info","message":"Dashboard statistics retrieved successfully:","successRate":0,"timestamp":"2026-08-31T18:17:27.548Z","totalCourses":1,"totalStudents":1}
{"level":"info","message":{"duration":"16ms","method":"GET","params":{},"path":"/api/dashboard/stats","query":{},"status":304},"timestamp":"2026-08-31T18:17:27.549Z"}
{"level":"info","message":"Retrieved 1 courses successfully","timestamp":"2026-08-31T18:17:27.931Z"}
{"level":"info","message":{"duration":"4ms","method":"GET","params":{},"path":"/api/courses","query":{},"status":304},"timestamp":"2026-08-31T18:17:27.932Z"}
{"level":"info","message":"Retrieved 1 students successfully","timestamp":"2026-08-31T18:17:27.942Z"}
{"level":"info","message":{"duration":"5ms","method":"GET","params":{},"path":"/api/students","query":{},"status":304},"timestamp":"2026-08-31T18:17:27.944Z"}
{"activeCourses":1,"activeStudents":1,"courseCounts":[{"_id":"6a95c444aacabccab3612d85","count":1}],"graduates":0,"level":"info","message":"Dashboard statistics retrieved successfully:","successRate":0,"timestamp":"2026-08-31T18:17:27.959Z","totalCourses":1,"totalStudents":1}
{"level":"info","message":{"duration":"20ms","method":"GET","params":{},"path":"/api/dashboard/stats","query":{},"status":304},"timestamp":"2026-08-31T18:17:27.960Z"}
{"level":"info","message":"Retrieved 1 courses successfully","timestamp":"2026-08-31T18:17:28.321Z"}
{"level":"info","message":{"duration":"4ms","method":"GET","params":{},"path":"/api/courses","query":{},"status":304},"timestamp":"2026-08-31T18:17:28.322Z"}
{"level":"info","message":"Retrieved 1 students successfully","timestamp":"2026-08-31T18:17:28.334Z"}
{"level":"info","message":{"duration":"4ms","method":"GET","params":{},"path":"/api/students","query":{},"status":304},"timestamp":"2026-08-31T18:17:28.335Z"}
{"activeCourses":1,"activeStudents":1,"courseCounts":[{"_id":"6a95c444aacabccab3612d85","count":1}],"graduates":0,"level":"info","message":"Dashboard statistics retrieved successfully:","successRate":0,"timestamp":"2026-08-31T18:17:28.348Z","totalCourses":1,"totalStudents":1}
{"level":"info","message":{"duration":"17ms","method":"GET","params":{},"path":"/api/dashboard/stats","query":{},"status":304},"timestamp":"2026-08-31T18:17:28.349Z"}
{"level":"info","message":"Retrieved 1 courses successfully","timestamp":"2026-08-31T18:17:28.736Z"}
{"level":"info","message":{"duration":"5ms","method":"GET","params":{},"path":"/api/courses","query":{},"status":304},"timestamp":"2026-08-31T18:17:28.738Z"}
{"level":"info","message":"Retrieved 1 students successfully","timestamp":"2026-08-31T18:17:28.752Z"}
{"level":"info","message":{"duration":"5ms","method":"GET","params":{},"path":"/api/students","query":{},"status":304},"timestamp":"2026-08-31T18:17:28.754Z"}
{"activeCourses":1,"activeStudents":1,"courseCounts":[{"_id":"6a95c444aacabccab3612d85","count":1}],"graduates":0,"level":"info","message":"Dashboard statistics retrieved successfully:","successRate":0,"timestamp":"2026-08-31T18:17:28.765Z","totalCourses":1,"totalStudents":1}
{"level":"info","message":{"duration":"16ms","method":"GET","params":{},"path":"/api/dashboard/stats","query":{},"status":304},"timestamp":"2026-08-31T18:17:28.766Z"}
{"level":"info","message":"Retrieved 1 courses successfully","timestamp":"2026-08-31T18:17:29.135Z"}
{"level":"info","message":{"duration":"4ms","method":"GET","params":{},"path":"/api/courses","query":{},"status":304},"timestamp":"2026-08-31T18:17:29.136Z"}
{"level":"info","message":"Retrieved 1 students successfully","timestamp":"2026-08-31T18:17:29.150Z"}
{"level":"info","message":{"duration":"4ms","method":"GET","params":{},"path":"/api/students","query":{},"status":304},"timestamp":"2026-08-31T18:17:29.151Z"}
{"activeCourses":1,"activeStudents":1,"courseCounts":[{"_id":"6a95c444aacabccab3612d85","count":1}],"graduates":0,"level":"info","message":"Dashboard statistics retrieved successfully:","successRate":0,"timestamp":"2026-08-31T18:17:29.161Z","totalCourses":1,"totalStudents":1}
{"level":"info","message":{"duration":"14ms","method":"GET","params":{},"path":"/api/dashboard/stats","query":{},"status":304},"timestamp":"2026-08-31T18:17:29.162Z"}
{"level":"info","message":"Retrieved 1 courses successfully","timestamp":"2026-08-31T18:17:29.548Z"}
{"level":"info","message":{"duration":"3ms","method":"GET","params":{},"path":"/api/courses","query":{},"status":304},"timestamp":"2026-08-31T18:17:29.549Z"}
{"level":"info","message":"Retrieved 1 students successfully","timestamp":"2026-08-31T18:17:29.564Z"}
{"level":"info","message":{"duration":"5ms","method":"GET","params":{},"path":"/api/students","query":{},"status":304},"timestamp":"2026-08-31T18:17:29.565Z"}
{"activeCourses":1,"activeStudents":1,"courseCounts":[{"_id":"6a95c444aacabccab3612d85","count":1}],"graduates":0,"level":"info","message":"Dashboard statistics retrieved successfully:","successRate":0,"timestamp":"2026-08-31T18:17:29.574Z","totalCourses":1,"totalStudents":1}
{"level":"info","message":{"duration":"13ms","method":"GET","params":{},"path":"/api/dashboard/stats","query":{},"status":304},"timestamp":"2026-08-31T18:17:29.575Z"}
{"level":"info","message":"Retrieved 1 courses successfully","timestamp":"2026-08-31T18:17:29.923Z"}
{"level":"info","message":{"duration":"3ms","method":"GET","params":{},"path":"/api/courses","query":{},"status":304},"timestamp":"2026-08-31T18:17:29.924Z"}
{"level":"info","message":"Retrieved 1 students successfully","timestamp":"2026-08-31T18:17:29.934Z"}
{"level":"info","message":{"duration":"4ms","method":"GET","params":{},"path":"/api/students","query":{},"status":304},"timestamp":"2026-08-31T18:17:29.935Z"}
{"activeCourses":1,"activeStudents":1,"courseCounts":[{"_id":"6a95c444aacabccab3612d85","count":1}],"graduates":0,"level":"info","message":"Dashboard statistics retrieved successfully:","successRate":0,"timestamp":"2026-08-31T18:17:29.947Z","totalCourses":1,"totalStudents":1}
{"level":"info","message":{"duration":"15ms","method":"GET","params":{},"path":"/api/dashboard/stats","query":{},"status":304},"timestamp":"2026-08-31T18:17:29.948Z"}
{"level":"info","message":"Retrieved 1 courses successfully","timestamp":"2026-08-31T18:17:30.343Z"}
{"level":"info","message":{"duration":"4ms","method":"GET","params":{},"path":"/api/courses","query":{},"status":304},"timestamp":"2026-08-31T18:17:30.344Z"}
{"level":"info","message":"Retrieved 1 students successfully","timestamp":"2026-08-31T18:17:30.355Z"}
{"level":"info","message":{"duration":"6ms","method":"GET","params":{},"path":"/api/students","query":{},"status":304},"timestamp":"2026-08-31T18:17:30.357Z"}
{"activeCourses":1,"activeStudents":1,"courseCounts":[{"_id":"6a95c444aacabccab3612d85","count":1}],"graduates":0,"level":"info","message":"Dashboard statistics retrieved successfully:","successRate":0,"timestamp":"2026-08-31T18:17:30.371Z","totalCourses":1,"totalStudents":1}
{"level":"info","message":{"duration":"19ms","method":"GET","params":{},"path":"/api/dashboard/stats","query":{},"status":304},"timestamp":"2026-08-31T18:17:30.372Z"}
{"level":"info","message":"Retrieved 1 courses successfully","timestamp":"2026-08-31T18:17:30.770Z"}
{"level":"info","message":{"duration":"3ms","method":"GET","params":{},"path":"/api/courses","query":{},"status":304},"timestamp":"2026-08-31T18:17:30.771Z"}
{"level":"info","message":"Retrieved 1 students successfully","timestamp":"2026-08-31T18:17:30.784Z"}
{"level":"info","message":{"duration":"4ms","method":"GET","params":{},"path":"/api/students","query":{},"status":304},"timestamp":"2026-08-31T18:17:30.786Z"}
{"activeCourses":1,"activeStudents":1,"courseCounts":[{"_id":"6a95c444aacabccab3612d85","count":1}],"graduates":0,"level":"info","message":"Dashboard statistics retrieved successfully:","successRate":0,"timestamp":"2026-08-31T18:17:30.800Z","totalCourses":1,"totalStudents":1}
{"level":"info","message":{"duration":"19ms","method":"GET","params":{},"path":"/api/dashboard/stats","query":{},"status":304},"timestamp":"2026-08-31T18:17:30.802Z"}
{"level":"info","message":"Retrieved 1 courses successfully","timestamp":"2026-08-31T18:17:31.132Z"}
{"level":"info","message":{"duration":"3ms","method":"GET","params":{},"path":"/api/courses","query":{},"status":304},"timestamp":"2026-08-31T18:17:31.133Z"}
{"level":"info","message":"Retrieved 1 students successfully","timestamp":"2026-08-31T18:17:31.144Z"}
{"level":"info","message":{"duration":"3ms","method":"GET","params":{},"path":"/api/students","query":{},"status":304},"timestamp":"2026-08-31T18:17:31.145Z"}
{"activeCourses":1,"activeStudents":1,"courseCounts":[{"_id":"6a95c444aacabccab3612d85","count":1}],"graduates":0,"level":"info","message":"Dashboard statistics retrieved successfully:","successRate":0,"timestamp":"2026-08-31T18:17:31.156Z","totalCourses":1,"totalStudents":1}
{"level":"info","message":{"duration":"15ms","method":"GET","params":{},"path":"/api/dashboard/stats","query":{},"status":304},"timestamp":"2026-08-31T18:17:31.158Z"}
{"level":"info","message":"Retrieved 1 courses successfully","timestamp":"2026-08-31T18:17:31.564Z"}
{"level":"info","message":{"duration":"3ms","method":"GET","params":{},"path":"/api/courses","query":{},"status":304},"timestamp":"2026-08-31T18:17:31.565Z"}
{"level":"info","message":"Retrieved 1 students successfully","timestamp":"2026-08-31T18:17:31.577Z"}
{"level":"info","message":{"duration":"5ms","method":"GET","params":{},"path":"/api/students","query":{},"status":304},"timestamp":"2026-08-31T18:17:31.579Z"}
{"activeCourses":1,"activeStudents":1,"courseCounts":[{"_id":"6a95c444aacabccab3612d85","count":1}],"graduates":0,"level":"info","message":"Dashboard statistics retrieved successfully:","successRate":0,"timestamp":"2026-08-31T18:17:31.590Z","totalCourses":1,"totalStudents":1}
{"level":"info","message":{"duration":"16ms","method":"GET","params":{},"path":"/api/dashboard/stats","query":{},"status":304},"timestamp":"2026-08-31T18:17:31.591Z"}
{"level":"info","message":"Retrieved 1 courses successfully","timestamp":"2026-08-31T18:17:31.976Z"}
{"level":"info","message":{"duration":"5ms","method":"GET","params":{},"path":"/api/courses","query":{},"status":304},"timestamp":"2026-08-31T18:17:31.978Z"}
{"level":"info","message":"Retrieved 1 students successfully","timestamp":"2026-08-31T18:17:31.990Z"}
{"level":"info","message":{"duration":"3ms","method":"GET","params":{},"path":"/api/students","query":{},"status":304},"timestamp":"2026-08-31T18:17:31.991Z"}
{"activeCourses":1,"activeStudents":1,"courseCounts":[{"_id":"6a95c444aacabccab3612d85","count":1}],"graduates":0,"level":"info","message":"Dashboard statistics retrieved successfully:","successRate":0,"timestamp":"2026-08-31T18:17:32.004Z","totalCourses":1,"totalStudents":1}
{"level":"info","message":{"duration":"16ms","method":"GET","params":{},"path":"/api/dashboard/stats","query":{},"status":304},"timestamp":"2026-08-31T18:17:32.005Z"}
{"level":"info","message":"Retrieved 1 courses successfully","timestamp":"2026-08-31T18:17:32.370Z"}
{"level":"info","message":{"duration":"3ms","method":"GET","params":{},"path":"/api/courses","query":{},"status":304},"timestamp":"2026-08-31T18:17:32.371Z"}
{"level":"info","message":"Retrieved 1 students successfully","timestamp":"2026-08-31T18:17:32.383Z"}
{"level":"info","message":{"duration":"4ms","method":"GET","params":{},"path":"/api/students","query":{},"status":304},"timestamp":"2026-08-31T18:17:32.384Z"}
{"activeCourses":1,"activeStudents":1,"courseCounts":[{"_id":"6a95c444aacabccab3612d85","count":1}],"graduates":0,"level":"info","message":"Dashboard statistics retrieved successfully:","successRate":0,"timestamp":"2026-08-31T18:17:32.396Z","totalCourses":1,"totalStudents":1}
{"level":"info","message":{"duration":"15ms","method":"GET","params":{},"path":"/api/dashboard/stats","query":{},"status":304},"timestamp":"2026-08-31T18:17:32.396Z"}
{"level":"info","message":"Retrieved 1 courses successfully","timestamp":"2026-08-31T18:17:32.788Z"}
{"level":"info","message":{"duration":"3ms","method":"GET","params":{},"path":"/api/courses","query":{},"status":304},"timestamp":"2026-08-31T18:17:32.789Z"}
{"level":"info","message":"Retrieved 1 students successfully","timestamp":"2026-08-31T18:17:32.803Z"}
{"level":"info","message":{"duration":"3ms","method":"GET","params":{},"path":"/api/students","query":{},"status":304},"timestamp":"2026-08-31T18:17:32.804Z"}
{"activeCourses":1,"activeStudents":1,"courseCounts":[{"_id":"6a95c444aacabccab3612d85","count":1}],"graduates":0,"level":"info","message":"Dashboard statistics retrieved successfully:","successRate":0,"timestamp":"2026-08-31T18:17:32.817Z","totalCourses":1,"totalStudents":1}
{"level":"info","message":{"duration":"16ms","method":"GET","params":{},"path":"/api/dashboard/stats","query":{},"status":304},"timestamp":"2026-08-31T18:17:32.818Z"}
{"level":"info","message":"Retrieved 1 courses successfully","timestamp":"2026-08-31T18:17:33.207Z"}
{"level":"info","message":{"duration":"3ms","method":"GET","params":{},"path":"/api/courses","query":{},"status":304},"timestamp":"2026-08-31T18:17:33.208Z"}
{"level":"info","message":"Retrieved 1 students successfully","timestamp":"2026-08-31T18:17:33.222Z"}
{"level":"info","message":{"duration":"3ms","method":"GET","params":{},"path":"/api/students","query":{},"status":304},"timestamp":"2026-08-31T18:17:33.223Z"}
{"activeCourses":1,"activeStudents":1,"courseCounts":[{"_id":"6a95c444aacabccab3612d85","count":1}],"graduates":0,"level":"info","message":"Dashboard statistics retrieved successfully:","successRate":0,"timestamp":"2026-08-31T18:17:33.235Z","totalCourses":1,"totalStudents":1}
{"level":"info","message":{"duration":"15ms","method":"GET","params":{},"path":"/api/dashboard/stats","query":{},"status":304},"timestamp":"2026-08-31T18:17:33.236Z"}
{"level":"info","message":"Retrieved 1 courses successfully","timestamp":"2026-08-31T18:17:33.608Z"}
{"level":"info","message":{"duration":"5ms","method":"GET","params":{},"path":"/api/courses","query":{},"status":304},"timestamp":"2026-08-31T18:17:33.610Z"}
{"level":"info","message":"Retrieved 1 students successfully","timestamp":"2026-08-31T18:17:33.622Z"}
{"level":"info","message":{"duration":"4ms","method":"GET","params":{},"path":"/api/students","query":{},"status":304},"timestamp":"2026-08-31T18:17:33.624Z"}
{"activeCourses":1,"activeStudents":1,"courseCounts":[{"_id":"6a95c444aacabccab3612d85","count":1}],"graduates":0,"level":"info","message":"Dashboard statistics retrieved successfully:","successRate":0,"timestamp":"2026-08-31T18:17:33.634Z","totalCourses":1,"totalStudents":1}
{"level":"info","message":{"duration":"15ms","method":"GET","params":{},"path":"/api/dashboard/stats","query":{},"status":304},"timestamp":"2026-08-31T18:17:33.635Z"}
{"level":"info","message":"Retrieved 1 courses successfully","timestamp":"2026-08-31T18:17:34.032Z"}
{"level":"info","message":{"duration":"2ms","method":"GET","params":{},"path":"/api/courses","query":{},"status":304},"timestamp":"2026-08-31T18:17:34.034Z"}
{"level":"info","message":"Retrieved 1 students successfully","timestamp":"2026-08-31T18:17:34.046Z"}
{"level":"info","message":{"duration":"5ms","method":"GET","params":{},"path":"/api/students","query":{},"status":304},"timestamp":"2026-08-31T18:17:34.048Z"}
{"activeCourses":1,"activeStudents":1,"courseCounts":[{"_id":"6a95c444aacabccab3612d85","count":1}],"graduates":0,"level":"info","message":"Dashboard statistics retrieved successfully:","successRate":0,"timestamp":"2026-08-31T18:17:34.058Z","totalCourses":1,"totalStudents":1}
{"level":"info","message":{"duration":"14ms","method":"GET","params":{},"path":"/api/dashboard/stats","query":{},"status":304},"timestamp":"2026-08-31T18:17:34.059Z"}
{"level":"info","message":"Retrieved 1 courses successfully","timestamp":"2026-08-31T18:17:34.454Z"}
{"level":"info","message":{"duration":"3ms","method":"GET","params":{},"path":"/api/courses","query":{},"status":304},"timestamp":"2026-08-31T18:17:34.454Z"}
{"level":"info","message":"Retrieved 1 students successfully","timestamp":"2026-08-31T18:17:34.471Z"}
{"level":"info","message":{"duration":"4ms","method":"GET","params":{},"path":"/api/students","query":{},"status":304},"timestamp":"2026-08-31T18:17:34.471Z"}
{"activeCourses":1,"activeStudents":1,"courseCounts":[{"_id":"6a95c444aacabccab3612d85","count":1}],"graduates":0,"level":"info","message":"Dashboard statistics retrieved successfully:","successRate":0,"timestamp":"2026-08-31T18:17:34.481Z","totalCourses":1,"totalStudents":1}
{"level":"info","message":{"duration":"13ms","method":"GET","params":{},"path":"/api/dashboard/stats","query":{},"status":304},"timestamp":"2026-08-31T18:17:34.482Z"}
{"level":"info","message":"Retrieved 1 courses successfully","timestamp":"2026-08-31T18:17:34.835Z"}
{"level":"info","message":{"duration":"2ms","method":"GET","params":{},"path":"/api/courses","query":{},"status":304},"timestamp":"2026-08-31T18:17:34.835Z"}
{"level":"info","message":"Retrieved 1 students successfully","timestamp":"2026-08-31T18:17:34.847Z"}
{"level":"info","message":{"duration":"4ms","method":"GET","params":{},"path":"/api/students","query":{},"status":304},"timestamp":"2026-08-31T18:17:34.848Z"}
{"activeCourses":1,"activeStudents":1,"courseCounts":[{"_id":"6a95c444aacabccab3612d85","count":1}],"graduates":0,"level":"info","message":"Dashboard statistics retrieved successfully:","successRate":0,"timestamp":"2026-08-31T18:17:34.857Z","totalCourses":1,"totalStudents":1}
{"level":"info","message":{"duration":"11ms","method":"GET","params":{},"path":"/api/dashboard/stats","query":{},"status":304},"timestamp":"2026-08-31T18:17:34.858Z"}
{"level":"info","message":"Retrieved 1 courses successfully","timestamp":"2026-08-31T18:17:35.255Z"}
{"level":"info","message":{"duration":"3ms","method":"GET","params":{},"path":"/api/courses","query":{},"status":304},"timestamp":"2026-08-31T18:17:35.256Z"}
{"level":"info","message":"Retrieved 1 students successfully","timestamp":"2026-08-31T18:17:35.267Z"}
{"level":"info","message":{"duration":"3ms","method":"GET","params":{},"path":"/api/students","query":{},"status":304},"timestamp":"2026-08-31T18:17:35.268Z"}
{"activeCourses":1,"activeStudents":1,"courseCounts":[{"_id":"6a95c444aacabccab3612d85","count":1}],"graduates":0,"level":"info","message":"Dashboard statistics retrieved successfully:","successRate":0,"timestamp":"2026-08-31T18:17:35.281Z","totalCourses":1,"totalStudents":1}
{"level":"info","message":{"duration":"16ms","method":"GET","params":{},"path":"/api/dashboard/stats","query":{},"status":304},"timestamp":"2026-08-31T18:17:35.282Z"}
{"level":"info","message":"Retrieved 1 courses successfully","timestamp":"2026-08-31T18:17:35.648Z"}
{"level":"info","message":{"duration":"3ms","method":"GET","params":{},"path":"/api/courses","query":{},"status":304},"timestamp":"2026-08-31T18:17:35.649Z"}
{"level":"info","message":"Retrieved 1 students successfully","timestamp":"2026-08-31T18:17:35.663Z"}
{"level":"info","message":{"duration":"6ms","method":"GET","params":{},"path":"/api/students","query":{},"status":304},"timestamp":"2026-08-31T18:17:35.665Z"}
{"activeCourses":1,"activeStudents":1,"courseCounts":[{"_id":"6a95c444aacabccab3612d85","count":1}],"graduates":0,"level":"info","message":"Dashboard statistics retrieved successfully:","successRate":0,"timestamp":"2026-08-31T18:17:35.676Z","totalCourses":1,"totalStudents":1}
{"level":"info","message":{"duration":"17ms","method":"GET","params":{},"path":"/api/dashboard/stats","query":{},"status":304},"timestamp":"2026-08-31T18:17:35.677Z"}
{"level":"info","message":"Retrieved 1 courses successfully","timestamp":"2026-08-31T18:17:36.044Z"}
{"level":"info","message":{"duration":"4ms","method":"GET","params":{},"path":"/api/courses","query":{},"status":304},"timestamp":"2026-08-31T18:17:36.045Z"}
{"level":"info","message":"Retrieved 1 students successfully","timestamp":"2026-08-31T18:17:36.059Z"}
{"level":"info","message":{"duration":"2ms","method":"GET","params":{},"path":"/api/students","query":{},"status":304},"timestamp":"2026-08-31T18:17:36.059Z"}
{"activeCourses":1,"activeStudents":1,"courseCounts":[{"_id":"6a95c444aacabccab3612d85","count":1}],"graduates":0,"level":"info","message":"Dashboard statistics retrieved successfully:","successRate":0,"timestamp":"2026-08-31T18:17:36.075Z","totalCourses":1,"totalStudents":1}
{"level":"info","message":{"duration":"18ms","method":"GET","params":{},"path":"/api/dashboard/stats","query":{},"status":304},"timestamp":"2026-08-31T18:17:36.076Z"}
{"level":"info","message":"Retrieved 1 courses successfully","timestamp":"2026-08-31T18:17:36.458Z"}
{"level":"info","message":{"duration":"3ms","method":"GET","params":{},"path":"/api/courses","query":{},"status":304},"timestamp":"2026-08-31T18:17:36.459Z"}
{"level":"info","message":"Retrieved 1 students successfully","timestamp":"2026-08-31T18:17:36.474Z"}
{"level":"info","message":{"duration":"5ms","method":"GET","params":{},"path":"/api/students","query":{},"status":304},"timestamp":"2026-08-31T18:17:36.476Z"}
{"activeCourses":1,"activeStudents":1,"courseCounts":[{"_id":"6a95c444aacabccab3612d85","count":1}],"graduates":0,"level":"info","message":"Dashboard statistics retrieved successfully:","successRate":0,"timestamp":"2026-08-31T18:17:36.486Z","totalCourses":1,"totalStudents":1}
{"level":"info","message":{"duration":"13ms","method":"GET","params":{},"path":"/api/dashboard/stats","query":{},"status":304},"timestamp":"2026-08-31T18:17:36.486Z"}
{"level":"info","message":"Retrieved 1 courses successfully","timestamp":"2026-08-31T18:17:36.860Z"}
{"level":"info","message":{"duration":"3ms","method":"GET","params":{},"path":"/api/courses","query":{},"status":304},"timestamp":"2026-08-31T18:17:36.860Z"}
{"level":"info","message":"Retrieved 1 students successfully","timestamp":"2026-08-31T18:17:36.874Z"}
{"level":"info","message":{"duration":"3ms","method":"GET","params":{},"path":"/api/students","query":{},"status":304},"timestamp":"2026-08-31T18:17:36.875Z"}
{"activeCourses":1,"activeStudents":1,"courseCounts":[{"_id":"6a95c444aacabccab3612d85","count":1}],"graduates":0,"level":"info","message":"Dashboard statistics retrieved successfully:","successRate":0,"timestamp":"2026-08-31T18:17:36.886Z","totalCourses":1,"totalStudents":1}
{"level":"info","message":{"duration":"15ms","method":"GET","params":{},"path":"/api/dashboard/stats","query":{},"status":304},"timestamp":"2026-08-31T18:17:36.887Z"}
{"level":"info","message":"Retrieved 1 courses successfully","timestamp":"2026-08-31T18:17:37.264Z"}
{"level":"info","message":{"duration":"5ms","method":"GET","params":{},"path":"/api/courses","query":{},"status":304},"timestamp":"2026-08-31T18:17:37.266Z"}
{"level":"info","message":"Retrieved 1 students successfully","timestamp":"2026-08-31T18:17:37.279Z"}
{"level":"info","message":{"duration":"5ms","method":"GET","params":{},"path":"/api/students","query":{},"status":304},"timestamp":"2026-08-31T18:17:37.281Z"}
{"activeCourses":1,"activeStudents":1,"courseCounts":[{"_id":"6a95c444aacabccab3612d85","count":1}],"graduates":0,"level":"info","message":"Dashboard statistics retrieved successfully:","successRate":0,"timestamp":"2026-08-31T18:17:37.295Z","totalCourses":1,"totalStudents":1}
{"level":"info","message":{"duration":"19ms","method":"GET","params":{},"path":"/api/dashboard/stats","query":{},"status":304},"timestamp":"2026-08-31T18:17:37.296Z"}
{"level":"info","message":"Retrieved 1 courses successfully","timestamp":"2026-08-31T18:17:37.668Z"}
{"level":"info","message":{"duration":"4ms","method":"GET","params":{},"path":"/api/courses","query":{},"status":304},"timestamp":"2026-08-31T18:17:37.669Z"}
{"level":"info","message":"Retrieved 1 students successfully","timestamp":"2026-08-31T18:17:37.686Z"}
{"level":"info","message":{"duration":"4ms","method":"GET","params":{},"path":"/api/students","query":{},"status":304},"timestamp":"2026-08-31T18:17:37.687Z"}
{"activeCourses":1,"activeStudents":1,"courseCounts":[{"_id":"6a95c444aacabccab3612d85","count":1}],"graduates":0,"level":"info","message":"Dashboard statistics retrieved successfully:","successRate":0,"timestamp":"2026-08-31T18:17:37.696Z","totalCourses":1,"totalStudents":1}
{"level":"info","message":{"duration":"13ms","method":"GET","params":{},"path":"/api/dashboard/stats","query":{},"status":304},"timestamp":"2026-08-31T18:17:37.697Z"}
{"level":"info","message":"Retrieved 1 courses successfully","timestamp":"2026-08-31T18:17:38.051Z"}
{"level":"info","message":{"duration":"2ms","method":"GET","params":{},"path":"/api/courses","query":{},"status":304},"timestamp":"2026-08-31T18:17:38.052Z"}
{"level":"info","message":"Retrieved 1 students successfully","timestamp":"2026-08-31T18:17:38.064Z"}
{"level":"info","message":{"duration":"4ms","method":"GET","params":{},"path":"/api/students","query":{},"status":304},"timestamp":"2026-08-31T18:17:38.065Z"}
{"activeCourses":1,"activeStudents":1,"courseCounts":[{"_id":"6a95c444aacabccab3612d85","count":1}],"graduates":0,"level":"info","message":"Dashboard statistics retrieved successfully:","successRate":0,"timestamp":"2026-08-31T18:17:38.075Z","totalCourses":1,"totalStudents":1}
{"level":"info","message":{"duration":"13ms","method":"GET","params":{},"path":"/api/dashboard/stats","query":{},"status":304},"timestamp":"2026-08-31T18:17:38.076Z"}
{"level":"info","message":"Retrieved 1 courses successfully","timestamp":"2026-08-31T18:17:38.468Z"}
{"level":"info","message":{"duration":"3ms","method":"GET","params":{},"path":"/api/courses","query":{},"status":304},"timestamp":"2026-08-31T18:17:38.469Z"}
{"level":"info","message":"Retrieved 1 students successfully","timestamp":"2026-08-31T18:17:38.480Z"}
{"level":"info","message":{"duration":"3ms","method":"GET","params":{},"path":"/api/students","query":{},"status":304},"timestamp":"2026-08-31T18:17:38.481Z"}
{"activeCourses":1,"activeStudents":1,"courseCounts":[{"_id":"6a95c444aacabccab3612d85","count":1}],"graduates":0,"level":"info","message":"Dashboard statistics retrieved successfully:","successRate":0,"timestamp":"2026-08-31T18:17:38.492Z","totalCourses":1,"totalStudents":1}
{"level":"info","message":{"duration":"14ms","method":"GET","params":{},"path":"/api/dashboard/stats","query":{},"status":304},"timestamp":"2026-08-31T18:17:38.493Z"}
{"level":"info","message":"Retrieved 1 courses successfully","timestamp":"2026-08-31T18:17:38.863Z"}
{"level":"info","message":{"duration":"4ms","method":"GET","params":{},"path":"/api/courses","query":{},"status":304},"timestamp":"2026-08-31T18:17:38.865Z"}
{"level":"info","message":"Retrieved 1 students successfully","timestamp":"2026-08-31T18:17:38.880Z"}
{"level":"info","message":{"duration":"4ms","method":"GET","params":{},"path":"/api/students","query":{},"status":304},"timestamp":"2026-08-31T18:17:38.881Z"}
{"activeCourses":1,"activeStudents":1,"courseCounts":[{"_id":"6a95c444aacabccab3612d85","count":1}],"graduates":0,"level":"info","message":"Dashboard statistics retrieved successfully:","successRate":0,"timestamp":"2026-08-31T18:17:38.893Z","totalCourses":1,"totalStudents":1}
{"level":"info","message":{"duration":"16ms","method":"GET","params":{},"path":"/api/dashboard/stats","query":{},"status":304},"timestamp":"2026-08-31T18:17:38.894Z"}
{"level":"info","message":"Retrieved 1 courses successfully","timestamp":"2026-08-31T18:17:39.278Z"}
{"level":"info","message":{"duration":"2ms","method":"GET","params":{},"path":"/api/courses","query":{},"status":304},"timestamp":"2026-08-31T18:17:39.279Z"}
{"level":"info","message":"Retrieved 1 students successfully","timestamp":"2026-08-31T18:17:39.289Z"}
{"level":"info","message":{"duration":"3ms","method":"GET","params":{},"path":"/api/students","query":{},"status":304},"timestamp":"2026-08-31T18:17:39.290Z"}
{"activeCourses":1,"activeStudents":1,"courseCounts":[{"_id":"6a95c444aacabccab3612d85","count":1}],"graduates":0,"level":"info","message":"Dashboard statistics retrieved successfully:","successRate":0,"timestamp":"2026-08-31T18:17:39.305Z","totalCourses":1,"totalStudents":1}
{"level":"info","message":{"duration":"18ms","method":"GET","params":{},"path":"/api/dashboard/stats","query":{},"status":304},"timestamp":"2026-08-31T18:17:39.306Z"}
{"level":"info","message":"Retrieved 1 courses successfully","timestamp":"2026-08-31T18:17:39.693Z"}
{"level":"info","message":{"duration":"4ms","method":"GET","params":{},"path":"/api/courses","query":{},"status":304},"timestamp":"2026-08-31T18:17:39.694Z"}
{"level":"info","message":"Retrieved 1 students successfully","timestamp":"2026-08-31T18:17:39.702Z"}
{"level":"info","message":{"duration":"3ms","method":"GET","params":{},"path":"/api/students","query":{},"status":304},"timestamp":"2026-08-31T18:17:39.703Z"}
{"activeCourses":1,"activeStudents":1,"courseCounts":[{"_id":"6a95c444aacabccab3612d85","count":1}],"graduates":0,"level":"info","message":"Dashboard statistics retrieved successfully:","successRate":0,"timestamp":"2026-08-31T18:17:39.714Z","totalCourses":1,"totalStudents":1}
{"level":"info","message":{"duration":"14ms","method":"GET","params":{},"path":"/api/dashboard/stats","query":{},"status":304},"timestamp":"2026-08-31T18:17:39.715Z"}
{"level":"info","message":"Retrieved 1 courses successfully","timestamp":"2026-08-31T18:17:40.102Z"}
{"level":"info","message":{"duration":"5ms","method":"GET","params":{},"path":"/api/courses","query":{},"status":304},"timestamp":"2026-08-31T18:17:40.105Z"}
{"level":"info","message":"Retrieved 1 students successfully","timestamp":"2026-08-31T18:17:40.118Z"}
{"level":"info","message":{"duration":"4ms","method":"GET","params":{},"path":"/api/students","query":{},"status":304},"timestamp":"2026-08-31T18:17:40.120Z"}
{"activeCourses":1,"activeStudents":1,"courseCounts":[{"_id":"6a95c444aacabccab3612d85","count":1}],"graduates":0,"level":"info","message":"Dashboard statistics retrieved successfully:","successRate":0,"timestamp":"2026-08-31T18:17:40.130Z","totalCourses":1,"totalStudents":1}
{"level":"info","message":{"duration":"16ms","method":"GET","params":{},"path":"/api/dashboard/stats","query":{},"status":304},"timestamp":"2026-08-31T18:17:40.131Z"}
{"level":"info","message":"Retrieved 1 courses successfully","timestamp":"2026-08-31T18:17:40.485Z"}
{"level":"info","message":{"duration":"2ms","method":"GET","params":{},"path":"/api/courses","query":{},"status":304},"timestamp":"2026-08-31T18:17:40.485Z"}
{"level":"info","message":"Retrieved 1 students successfully","timestamp":"2026-08-31T18:17:40.499Z"}
{"level":"info","message":{"duration":"5ms","method":"GET","params":{},"path":"/api/students","query":{},"status":304},"timestamp":"2026-08-31T18:17:40.500Z"}
{"activeCourses":1,"activeStudents":1,"courseCounts":[{"_id":"6a95c444aacabccab3612d85","count":1}],"graduates":0,"level":"info","message":"Dashboard statistics retrieved successfully:","successRate":0,"timestamp":"2026-08-31T18:17:40.510Z","totalCourses":1,"totalStudents":1}
{"level":"info","message":{"duration":"13ms","method":"GET","params":{},"path":"/api/dashboard/stats","query":{},"status":304},"timestamp":"2026-08-31T18:17:40.511Z"}
{"level":"info","message":"Retrieved 1 courses successfully","timestamp":"2026-08-31T18:17:40.878Z"}
{"level":"info","message":{"duration":"2ms","method":"GET","params":{},"path":"/api/courses","query":{},"status":304},"timestamp":"2026-08-31T18:17:40.878Z"}
{"level":"info","message":"Retrieved 1 students successfully","timestamp":"2026-08-31T18:17:40.892Z"}
{"level":"info","message":{"duration":"3ms","method":"GET","params":{},"path":"/api/students","query":{},"status":304},"timestamp":"2026-08-31T18:17:40.893Z"}
{"activeCourses":1,"activeStudents":1,"courseCounts":[{"_id":"6a95c444aacabccab3612d85","count":1}],"graduates":0,"level":"info","message":"Dashboard statistics retrieved successfully:","successRate":0,"timestamp":"2026-08-31T18:17:40.911Z","totalCourses":1,"totalStudents":1}
{"level":"info","message":{"duration":"18ms","method":"GET","params":{},"path":"/api/dashboard/stats","query":{},"status":304},"timestamp":"2026-08-31T18:17:40.912Z"}
{"level":"info","message":"Retrieved 1 courses successfully","timestamp":"2026-08-31T18:17:41.317Z"}
{"level":"info","message":{"duration":"5ms","method":"GET","params":{},"path":"/api/courses","query":{},"status":304},"timestamp":"2026-08-31T18:17:41.319Z"}
{"level":"info","message":"Retrieved 1 students successfully","timestamp":"2026-08-31T18:17:41.341Z"}
{"level":"info","message":{"duration":"8ms","method":"GET","params":{},"path":"/api/students","query":{},"status":304},"timestamp":"2026-08-31T18:17:41.343Z"}
{"activeCourses":1,"activeStudents":1,"courseCounts":[{"_id":"6a95c444aacabccab3612d85","count":1}],"graduates":0,"level":"info","message":"Dashboard statistics retrieved successfully:","successRate":0,"timestamp":"2026-08-31T18:17:41.361Z","totalCourses":1,"totalStudents":1}
{"level":"info","message":{"duration":"23ms","method":"GET","params":{},"path":"/api/dashboard/stats","query":{},"status":304},"timestamp":"2026-08-31T18:17:41.362Z"}
{"level":"info","message":"Retrieved 1 courses successfully","timestamp":"2026-08-31T18:17:41.702Z"}
{"level":"info","message":{"duration":"5ms","method":"GET","params":{},"path":"/api/courses","query":{},"status":304},"timestamp":"2026-08-31T18:17:41.704Z"}
{"level":"info","message":"Retrieved 1 students successfully","timestamp":"2026-08-31T18:17:41.718Z"}
{"level":"info","message":{"duration":"5ms","method":"GET","params":{},"path":"/api/students","query":{},"status":304},"timestamp":"2026-08-31T18:17:41.721Z"}
{"activeCourses":1,"activeStudents":1,"courseCounts":[{"_id":"6a95c444aacabccab3612d85","count":1}],"graduates":0,"level":"info","message":"Dashboard statistics retrieved successfully:","successRate":0,"timestamp":"2026-08-31T18:17:41.735Z","totalCourses":1,"totalStudents":1}
{"level":"info","message":{"duration":"15ms","method":"GET","params":{},"path":"/api/dashboard/stats","query":{},"status":304},"timestamp":"2026-08-31T18:17:41.736Z"}
{"level":"info","message":"Retrieved 1 courses successfully","timestamp":"2026-08-31T18:17:42.114Z"}
{"level":"info","message":{"duration":"4ms","method":"GET","params":{},"path":"/api/courses","query":{},"status":304},"timestamp":"2026-08-31T18:17:42.115Z"}
{"level":"info","message":"Retrieved 1 students successfully","timestamp":"2026-08-31T18:17:42.127Z"}
{"level":"info","message":{"duration":"4ms","method":"GET","params":{},"path":"/api/students","query":{},"status":304},"timestamp":"2026-08-31T18:17:42.129Z"}
{"activeCourses":1,"activeStudents":1,"courseCounts":[{"_id":"6a95c444aacabccab3612d85","count":1}],"graduates":0,"level":"info","message":"Dashboard statistics retrieved successfully:","successRate":0,"timestamp":"2026-08-31T18:17:42.141Z","totalCourses":1,"totalStudents":1}
{"level":"info","message":{"duration":"17ms","method":"GET","params":{},"path":"/api/dashboard/stats","query":{},"status":304},"timestamp":"2026-08-31T18:17:42.142Z"}
{"level":"info","message":"Retrieved 1 courses successfully","timestamp":"2026-08-31T18:17:42.512Z"}
{"level":"info","message":{"duration":"2ms","method":"GET","params":{},"path":"/api/courses","query":{},"status":304},"timestamp":"2026-08-31T18:17:42.512Z"}
{"level":"info","message":"Retrieved 1 students successfully","timestamp":"2026-08-31T18:17:42.524Z"}
{"level":"info","message":{"duration":"3ms","method":"GET","params":{},"path":"/api/students","query":{},"status":304},"timestamp":"2026-08-31T18:17:42.525Z"}
{"activeCourses":1,"activeStudents":1,"courseCounts":[{"_id":"6a95c444aacabccab3612d85","count":1}],"graduates":0,"level":"info","message":"Dashboard statistics retrieved successfully:","successRate":0,"timestamp":"2026-08-31T18:17:42.535Z","totalCourses":1,"totalStudents":1}
{"level":"info","message":{"duration":"13ms","method":"GET","params":{},"path":"/api/dashboard/stats","query":{},"status":304},"timestamp":"2026-08-31T18:17:42.536Z"}
{"level":"info","message":"Retrieved 1 courses successfully","timestamp":"2026-08-31T18:17:42.922Z"}
{"level":"info","message":{"duration":"2ms","method":"GET","params":{},"path":"/api/courses","query":{},"status":304},"timestamp":"2026-08-31T18:17:42.923Z"}
{"level":"info","message":"Retrieved 1 students successfully","timestamp":"2026-08-31T18:17:42.936Z"}
{"level":"info","message":{"duration":"3ms","method":"GET","params":{},"path":"/api/students","query":{},"status":304},"timestamp":"2026-08-31T18:17:42.937Z"}
{"activeCourses":1,"activeStudents":1,"courseCounts":[{"_id":"6a95c444aacabccab3612d85","count":1}],"graduates":0,"level":"info","message":"Dashboard statistics retrieved successfully:","successRate":0,"timestamp":"2026-08-31T18:17:42.946Z","totalCourses":1,"totalStudents":1}
{"level":"info","message":{"duration":"11ms","method":"GET","params":{},"path":"/api/dashboard/stats","query":{},"status":304},"timestamp":"2026-08-31T18:17:42.946Z"}
{"level":"info","message":"Retrieved 1 courses successfully","timestamp":"2026-08-31T18:17:43.316Z"}
{"level":"info","message":{"duration":"4ms","method":"GET","params":{},"path":"/api/courses","query":{},"status":304},"timestamp":"2026-08-31T18:17:43.317Z"}
{"level":"info","message":"Retrieved 1 students successfully","timestamp":"2026-08-31T18:17:43.330Z"}
{"level":"info","message":{"duration":"3ms","method":"GET","params":{},"path":"/api/students","query":{},"status":304},"timestamp":"2026-08-31T18:17:43.331Z"}
{"activeCourses":1,"activeStudents":1,"courseCounts":[{"_id":"6a95c444aacabccab3612d85","count":1}],"graduates":0,"level":"info","message":"Dashboard statistics retrieved successfully:","successRate":0,"timestamp":"2026-08-31T18:17:43.339Z","totalCourses":1,"totalStudents":1}
{"level":"info","message":{"duration":"12ms","method":"GET","params":{},"path":"/api/dashboard/stats","query":{},"status":304},"timestamp":"2026-08-31T18:17:43.340Z"}
{"level":"info","message":"Retrieved 1 courses successfully","timestamp":"2026-08-31T18:17:43.716Z"}
{"level":"info","message":{"duration":"3ms","method":"GET","params":{},"path":"/api/courses","query":{},"status":304},"timestamp":"2026-08-31T18:17:43.718Z"}
{"level":"info","message":"Retrieved 1 students successfully","timestamp":"2026-08-31T18:17:43.731Z"}
{"level":"info","message":{"duration":"4ms","method":"GET","params":{},"path":"/api/students","query":{},"status":304},"timestamp":"2026-08-31T18:17:43.732Z"}
{"activeCourses":1,"activeStudents":1,"courseCounts":[{"_id":"6a95c444aacabccab3612d85","count":1}],"graduates":0,"level":"info","message":"Dashboard statistics retrieved successfully:","successRate":0,"timestamp":"2026-08-31T18:17:43.743Z","totalCourses":1,"totalStudents":1}
{"level":"info","message":{"duration":"14ms","method":"GET","params":{},"path":"/api/dashboard/stats","query":{},"status":304},"timestamp":"2026-08-31T18:17:43.743Z"}
{"level":"info","message":"Retrieved 1 courses successfully","timestamp":"2026-08-31T18:17:44.132Z"}
{"level":"info","message":{"duration":"2ms","method":"GET","params":{},"path":"/api/courses","query":{},"status":304},"timestamp":"2026-08-31T18:17:44.133Z"}
{"level":"info","message":"Retrieved 1 students successfully","timestamp":"2026-08-31T18:17:44.146Z"}
{"level":"info","message":{"duration":"4ms","method":"GET","params":{},"path":"/api/students","query":{},"status":304},"timestamp":"2026-08-31T18:17:44.147Z"}
{"activeCourses":1,"activeStudents":1,"courseCounts":[{"_id":"6a95c444aacabccab3612d85","count":1}],"graduates":0,"level":"info","message":"Dashboard statistics retrieved successfully:","successRate":0,"timestamp":"2026-08-31T18:17:44.157Z","totalCourses":1,"totalStudents":1}
{"level":"info","message":{"duration":"13ms","method":"GET","params":{},"path":"/api/dashboard/stats","query":{},"status":304},"timestamp":"2026-08-31T18:17:44.158Z"}
{"level":"info","message":"Retrieved 1 courses successfully","timestamp":"2026-08-31T18:17:44.535Z"}
{"level":"info","message":{"duration":"4ms","method":"GET","params":{},"path":"/api/courses","query":{},"status":304},"timestamp":"2026-08-31T18:17:44.537Z"}
{"level":"info","message":"Retrieved 1 students successfully","timestamp":"2026-08-31T18:17:44.547Z"}
{"level":"info","message":{"duration":"4ms","method":"GET","params":{},"path":"/api/students","query":{},"status":304},"timestamp":"2026-08-31T18:17:44.549Z"}
{"activeCourses":1,"activeStudents":1,"courseCounts":[{"_id":"6a95c444aacabccab3612d85","count":1}],"graduates":0,"level":"info","message":"Dashboard statistics retrieved successfully:","successRate":0,"timestamp":"2026-08-31T18:17:44.559Z","totalCourses":1,"totalStudents":1}
{"level":"info","message":{"duration":"14ms","method":"GET","params":{},"path":"/api/dashboard/stats","query":{},"status":304},"timestamp":"2026-08-31T18:17:44.560Z"}
{"level":"info","message":"Retrieved 1 courses successfully","timestamp":"2026-08-31T18:17:44.932Z"}
{"level":"info","message":{"duration":"4ms","method":"GET","params":{},"path":"/api/courses","query":{},"status":304},"timestamp":"2026-08-31T18:17:44.934Z"}
{"level":"info","message":"Retrieved 1 students successfully","timestamp":"2026-08-31T18:17:44.945Z"}
{"level":"info","message":{"duration":"3ms","method":"GET","params":{},"path":"/api/students","query":{},"status":304},"timestamp":"2026-08-31T18:17:44.946Z"}
{"activeCourses":1,"activeStudents":1,"courseCounts":[{"_id":"6a95c444aacabccab3612d85","count":1}],"graduates":0,"level":"info","message":"Dashboard statistics retrieved successfully:","successRate":0,"timestamp":"2026-08-31T18:17:44.957Z","totalCourses":1,"totalStudents":1}
{"level":"info","message":{"duration":"14ms","method":"GET","params":{},"path":"/api/dashboard/stats","query":{},"status":304},"timestamp":"2026-08-31T18:17:44.958Z"}
{"level":"info","message":"Retrieved 1 courses successfully","timestamp":"2026-08-31T18:17:45.340Z"}
{"level":"info","message":{"duration":"2ms","method":"GET","params":{},"path":"/api/courses","query":{},"status":304},"timestamp":"2026-08-31T18:17:45.340Z"}
{"level":"info","message":"Retrieved 1 students successfully","timestamp":"2026-08-31T18:17:45.352Z"}
{"level":"info","message":{"duration":"3ms","method":"GET","params":{},"path":"/api/students","query":{},"status":304},"timestamp":"2026-08-31T18:17:45.353Z"}
{"activeCourses":1,"activeStudents":1,"courseCounts":[{"_id":"6a95c444aacabccab3612d85","count":1}],"graduates":0,"level":"info","message":"Dashboard statistics retrieved successfully:","successRate":0,"timestamp":"2026-08-31T18:17:45.361Z","totalCourses":1,"totalStudents":1}
{"level":"info","message":{"duration":"10ms","method":"GET","params":{},"path":"/api/dashboard/stats","query":{},"status":304},"timestamp":"2026-08-31T18:17:45.361Z"}
{"level":"info","message":"Retrieved 1 courses successfully","timestamp":"2026-08-31T18:17:45.738Z"}
{"level":"info","message":{"duration":"2ms","method":"GET","params":{},"path":"/api/courses","query":{},"status":304},"timestamp":"2026-08-31T18:17:45.739Z"}
{"level":"info","message":"Retrieved 1 students successfully","timestamp":"2026-08-31T18:17:45.753Z"}
{"level":"info","message":{"duration":"4ms","method":"GET","params":{},"path":"/api/students","query":{},"status":304},"timestamp":"2026-08-31T18:17:45.754Z"}
{"activeCourses":1,"activeStudents":1,"courseCounts":[{"_id":"6a95c444aacabccab3612d85","count":1}],"graduates":0,"level":"info","message":"Dashboard statistics retrieved successfully:","successRate":0,"timestamp":"2026-08-31T18:17:45.765Z","totalCourses":1,"totalStudents":1}
{"level":"info","message":{"duration":"14ms","method":"GET","params":{},"path":"/api/dashboard/stats","query":{},"status":304},"timestamp":"2026-08-31T18:17:45.766Z"}
{"level":"info","message":"Retrieved 1 courses successfully","timestamp":"2026-08-31T18:17:46.157Z"}
{"level":"info","message":{"duration":"4ms","method":"GET","params":{},"path":"/api/courses","query":{},"status":304},"timestamp":"2026-08-31T18:17:46.159Z"}
{"level":"info","message":"Retrieved 1 students successfully","timestamp":"2026-08-31T18:17:46.171Z"}
{"level":"info","message":{"duration":"3ms","method":"GET","params":{},"path":"/api/students","query":{},"status":304},"timestamp":"2026-08-31T18:17:46.172Z"}
{"activeCourses":1,"activeStudents":1,"courseCounts":[{"_id":"6a95c444aacabccab3612d85","count":1}],"graduates":0,"level":"info","message":"Dashboard statistics retrieved successfully:","successRate":0,"timestamp":"2026-08-31T18:17:46.184Z","totalCourses":1,"totalStudents":1}
{"level":"info","message":{"duration":"12ms","method":"GET","params":{},"path":"/api/dashboard/stats","query":{},"status":304},"timestamp":"2026-08-31T18:17:46.185Z"}
{"level":"info","message":"Retrieved 1 courses successfully","timestamp":"2026-08-31T18:17:46.553Z"}
{"level":"info","message":{"duration":"3ms","method":"GET","params":{},"path":"/api/courses","query":{},"status":304},"timestamp":"2026-08-31T18:17:46.555Z"}
{"level":"info","message":"Retrieved 1 students successfully","timestamp":"2026-08-31T18:17:46.566Z"}
{"level":"info","message":{"duration":"3ms","method":"GET","params":{},"path":"/api/students","query":{},"status":304},"timestamp":"2026-08-31T18:17:46.567Z"}
{"activeCourses":1,"activeStudents":1,"courseCounts":[{"_id":"6a95c444aacabccab3612d85","count":1}],"graduates":0,"level":"info","message":"Dashboard statistics retrieved successfully:","successRate":0,"timestamp":"2026-08-31T18:17:46.578Z","totalCourses":1,"totalStudents":1}
{"level":"info","message":{"duration":"13ms","method":"GET","params":{},"path":"/api/dashboard/stats","query":{},"status":304},"timestamp":"2026-08-31T18:17:46.578Z"}
{"level":"info","message":"Retrieved 1 courses successfully","timestamp":"2026-08-31T18:17:46.951Z"}
{"level":"info","message":{"duration":"2ms","method":"GET","params":{},"path":"/api/courses","query":{},"status":304},"timestamp":"2026-08-31T18:17:46.951Z"}
{"level":"info","message":"Retrieved 1 students successfully","timestamp":"2026-08-31T18:17:46.964Z"}
{"level":"info","message":{"duration":"4ms","method":"GET","params":{},"path":"/api/students","query":{},"status":304},"timestamp":"2026-08-31T18:17:46.965Z"}
{"activeCourses":1,"activeStudents":1,"courseCounts":[{"_id":"6a95c444aacabccab3612d85","count":1}],"graduates":0,"level":"info","message":"Dashboard statistics retrieved successfully:","successRate":0,"timestamp":"2026-08-31T18:17:46.974Z","totalCourses":1,"totalStudents":1}
{"level":"info","message":{"duration":"11ms","method":"GET","params":{},"path":"/api/dashboard/stats","query":{},"status":304},"timestamp":"2026-08-31T18:17:46.974Z"}
{"level":"info","message":"Retrieved 1 courses successfully","timestamp":"2026-08-31T18:17:47.378Z"}
{"level":"info","message":{"duration":"5ms","method":"GET","params":{},"path":"/api/courses","query":{},"status":304},"timestamp":"2026-08-31T18:17:47.379Z"}
{"level":"info","message":"Retrieved 1 students successfully","timestamp":"2026-08-31T18:17:47.393Z"}
{"level":"info","message":{"duration":"5ms","method":"GET","params":{},"path":"/api/students","query":{},"status":304},"timestamp":"2026-08-31T18:17:47.396Z"}
{"activeCourses":1,"activeStudents":1,"courseCounts":[{"_id":"6a95c444aacabccab3612d85","count":1}],"graduates":0,"level":"info","message":"Dashboard statistics retrieved successfully:","successRate":0,"timestamp":"2026-08-31T18:17:47.412Z","totalCourses":1,"totalStudents":1}
{"level":"info","message":{"duration":"22ms","method":"GET","params":{},"path":"/api/dashboard/stats","query":{},"status":304},"timestamp":"2026-08-31T18:17:47.414Z"}
{"level":"info","message":"Retrieved 1 courses successfully","timestamp":"2026-08-31T18:17:47.768Z"}
{"level":"info","message":{"duration":"3ms","method":"GET","params":{},"path":"/api/courses","query":{},"status":304},"timestamp":"2026-08-31T18:17:47.768Z"}
{"level":"info","message":"Retrieved 1 students successfully","timestamp":"2026-08-31T18:17:47.780Z"}
{"level":"info","message":{"duration":"4ms","method":"GET","params":{},"path":"/api/students","query":{},"status":304},"timestamp":"2026-08-31T18:17:47.781Z"}
{"activeCourses":1,"activeStudents":1,"courseCounts":[{"_id":"6a95c444aacabccab3612d85","count":1}],"graduates":0,"level":"info","message":"Dashboard statistics retrieved successfully:","successRate":0,"timestamp":"2026-08-31T18:17:47.790Z","totalCourses":1,"totalStudents":1}
{"level":"info","message":{"duration":"13ms","method":"GET","params":{},"path":"/api/dashboard/stats","query":{},"status":304},"timestamp":"2026-08-31T18:17:47.791Z"}
{"level":"info","message":"Retrieved 1 courses successfully","timestamp":"2026-08-31T18:17:48.166Z"}
{"level":"info","message":{"duration":"2ms","method":"GET","params":{},"path":"/api/courses","query":{},"status":304},"timestamp":"2026-08-31T18:17:48.166Z"}
{"level":"info","message":"Retrieved 1 students successfully","timestamp":"2026-08-31T18:17:48.178Z"}
{"level":"info","message":{"duration":"4ms","method":"GET","params":{},"path":"/api/students","query":{},"status":304},"timestamp":"2026-08-31T18:17:48.179Z"}
{"activeCourses":1,"activeStudents":1,"courseCounts":[{"_id":"6a95c444aacabccab3612d85","count":1}],"graduates":0,"level":"info","message":"Dashboard statistics retrieved successfully:","successRate":0,"timestamp":"2026-08-31T18:17:48.188Z","totalCourses":1,"totalStudents":1}
{"level":"info","message":{"duration":"12ms","method":"GET","params":{},"path":"/api/dashboard/stats","query":{},"status":304},"timestamp":"2026-08-31T18:17:48.189Z"}
{"level":"info","message":"Retrieved 1 courses successfully","timestamp":"2026-08-31T18:17:48.579Z"}
{"level":"info","message":{"duration":"3ms","method":"GET","params":{},"path":"/api/courses","query":{},"status":304},"timestamp":"2026-08-31T18:17:48.580Z"}
{"level":"info","message":"Retrieved 1 students successfully","timestamp":"2026-08-31T18:17:48.593Z"}
{"level":"info","message":{"duration":"4ms","method":"GET","params":{},"path":"/api/students","query":{},"status":304},"timestamp":"2026-08-31T18:17:48.594Z"}
{"activeCourses":1,"activeStudents":1,"courseCounts":[{"_id":"6a95c444aacabccab3612d85","count":1}],"graduates":0,"level":"info","message":"Dashboard statistics retrieved successfully:","successRate":0,"timestamp":"2026-08-31T18:17:48.604Z","totalCourses":1,"totalStudents":1}
{"level":"info","message":{"duration":"13ms","method":"GET","params":{},"path":"/api/dashboard/stats","query":{},"status":304},"timestamp":"2026-08-31T18:17:48.604Z"}
{"level":"info","message":"Retrieved 1 courses successfully","timestamp":"2026-08-31T18:17:48.978Z"}
{"level":"info","message":{"duration":"4ms","method":"GET","params":{},"path":"/api/courses","query":{},"status":304},"timestamp":"2026-08-31T18:17:48.979Z"}
{"level":"info","message":"Retrieved 1 students successfully","timestamp":"2026-08-31T18:17:48.995Z"}
{"level":"info","message":{"duration":"3ms","method":"GET","params":{},"path":"/api/students","query":{},"status":304},"timestamp":"2026-08-31T18:17:48.996Z"}
{"activeCourses":1,"activeStudents":1,"courseCounts":[{"_id":"6a95c444aacabccab3612d85","count":1}],"graduates":0,"level":"info","message":"Dashboard statistics retrieved successfully:","successRate":0,"timestamp":"2026-08-31T18:17:49.006Z","totalCourses":1,"totalStudents":1}
{"level":"info","message":{"duration":"13ms","method":"GET","params":{},"path":"/api/dashboard/stats","query":{},"status":304},"timestamp":"2026-08-31T18:17:49.007Z"}
{"level":"info","message":"Retrieved 1 courses successfully","timestamp":"2026-08-31T18:17:49.390Z"}
{"level":"info","message":{"duration":"4ms","method":"GET","params":{},"path":"/api/courses","query":{},"status":304},"timestamp":"2026-08-31T18:17:49.392Z"}
{"level":"info","message":"Retrieved 1 students successfully","timestamp":"2026-08-31T18:17:49.403Z"}
{"level":"info","message":{"duration":"3ms","method":"GET","params":{},"path":"/api/students","query":{},"status":304},"timestamp":"2026-08-31T18:17:49.404Z"}
{"activeCourses":1,"activeStudents":1,"courseCounts":[{"_id":"6a95c444aacabccab3612d85","count":1}],"graduates":0,"level":"info","message":"Dashboard statistics retrieved successfully:","successRate":0,"timestamp":"2026-08-31T18:17:49.415Z","totalCourses":1,"totalStudents":1}
{"level":"info","message":{"duration":"15ms","method":"GET","params":{},"path":"/api/dashboard/stats","query":{},"status":304},"timestamp":"2026-08-31T18:17:49.416Z"}
{"level":"info","message":"Retrieved 1 courses successfully","timestamp":"2026-08-31T18:17:49.802Z"}
{"level":"info","message":{"duration":"3ms","method":"GET","params":{},"path":"/api/courses","query":{},"status":304},"timestamp":"2026-08-31T18:17:49.803Z"}
{"level":"info","message":"Retrieved 1 students successfully","timestamp":"2026-08-31T18:17:49.814Z"}
{"level":"info","message":{"duration":"3ms","method":"GET","params":{},"path":"/api/students","query":{},"status":304},"timestamp":"2026-08-31T18:17:49.815Z"}
{"activeCourses":1,"activeStudents":1,"courseCounts":[{"_id":"6a95c444aacabccab3612d85","count":1}],"graduates":0,"level":"info","message":"Dashboard statistics retrieved successfully:","successRate":0,"timestamp":"2026-08-31T18:17:49.824Z","totalCourses":1,"totalStudents":1}
{"level":"info","message":{"duration":"12ms","method":"GET","params":{},"path":"/api/dashboard/stats","query":{},"status":304},"timestamp":"2026-08-31T18:17:49.825Z"}
{"level":"info","message":"Retrieved 1 courses successfully","timestamp":"2026-08-31T18:17:50.194Z"}
{"level":"info","message":{"duration":"3ms","method":"GET","params":{},"path":"/api/courses","query":{},"status":304},"timestamp":"2026-08-31T18:17:50.195Z"}
{"level":"info","message":"Retrieved 1 students successfully","timestamp":"2026-08-31T18:17:50.207Z"}
{"level":"info","message":{"duration":"5ms","method":"GET","params":{},"path":"/api/students","query":{},"status":304},"timestamp":"2026-08-31T18:17:50.209Z"}
{"activeCourses":1,"activeStudents":1,"courseCounts":[{"_id":"6a95c444aacabccab3612d85","count":1}],"graduates":0,"level":"info","message":"Dashboard statistics retrieved successfully:","successRate":0,"timestamp":"2026-08-31T18:17:50.218Z","totalCourses":1,"totalStudents":1}
{"level":"info","message":{"duration":"13ms","method":"GET","params":{},"path":"/api/dashboard/stats","query":{},"status":304},"timestamp":"2026-08-31T18:17:50.219Z"}
{"level":"info","message":"Retrieved 1 courses successfully","timestamp":"2026-08-31T18:17:50.607Z"}
{"level":"info","message":{"duration":"5ms","method":"GET","params":{},"path":"/api/courses","query":{},"status":304},"timestamp":"2026-08-31T18:17:50.609Z"}
{"level":"info","message":"Retrieved 1 students successfully","timestamp":"2026-08-31T18:17:50.623Z"}
{"level":"info","message":{"duration":"5ms","method":"GET","params":{},"path":"/api/students","query":{},"status":304},"timestamp":"2026-08-31T18:17:50.624Z"}
{"activeCourses":1,"activeStudents":1,"courseCounts":[{"_id":"6a95c444aacabccab3612d85","count":1}],"graduates":0,"level":"info","message":"Dashboard statistics retrieved successfully:","successRate":0,"timestamp":"2026-08-31T18:17:50.639Z","totalCourses":1,"totalStudents":1}
{"level":"info","message":{"duration":"22ms","method":"GET","params":{},"path":"/api/dashboard/stats","query":{},"status":304},"timestamp":"2026-08-31T18:17:50.642Z"}
{"level":"info","message":"Retrieved 1 courses successfully","timestamp":"2026-08-31T18:17:51.013Z"}
{"level":"info","message":{"duration":"6ms","method":"GET","params":{},"path":"/api/courses","query":{},"status":304},"timestamp":"2026-08-31T18:17:51.016Z"}
{"level":"info","message":"Retrieved 1 students successfully","timestamp":"2026-08-31T18:17:51.031Z"}
{"level":"info","message":{"duration":"5ms","method":"GET","params":{},"path":"/api/students","query":{},"status":304},"timestamp":"2026-08-31T18:17:51.034Z"}
{"activeCourses":1,"activeStudents":1,"courseCounts":[{"_id":"6a95c444aacabccab3612d85","count":1}],"graduates":0,"level":"info","message":"Dashboard statistics retrieved successfully:","successRate":0,"timestamp":"2026-08-31T18:17:51.047Z","totalCourses":1,"totalStudents":1}
{"level":"info","message":{"duration":"19ms","method":"GET","params":{},"path":"/api/dashboard/stats","query":{},"status":304},"timestamp":"2026-08-31T18:17:51.049Z"}
{"level":"info","message":"Retrieved 1 courses successfully","timestamp":"2026-08-31T18:17:51.419Z"}
{"level":"info","message":{"duration":"4ms","method":"GET","params":{},"path":"/api/courses","query":{},"status":304},"timestamp":"2026-08-31T18:17:51.421Z"}
{"level":"info","message":"Retrieved 1 students successfully","timestamp":"2026-08-31T18:17:51.433Z"}
{"level":"info","message":{"duration":"3ms","method":"GET","params":{},"path":"/api/students","query":{},"status":304},"timestamp":"2026-08-31T18:17:51.434Z"}
{"activeCourses":1,"activeStudents":1,"courseCounts":[{"_id":"6a95c444aacabccab3612d85","count":1}],"graduates":0,"level":"info","message":"Dashboard statistics retrieved successfully:","successRate":0,"timestamp":"2026-08-31T18:17:51.450Z","totalCourses":1,"totalStudents":1}
{"level":"info","message":{"duration":"20ms","method":"GET","params":{},"path":"/api/dashboard/stats","query":{},"status":304},"timestamp":"2026-08-31T18:17:51.452Z"}
{"level":"info","message":"Retrieved 1 courses successfully","timestamp":"2026-08-31T18:17:51.820Z"}
{"level":"info","message":{"duration":"3ms","method":"GET","params":{},"path":"/api/courses","query":{},"status":304},"timestamp":"2026-08-31T18:17:51.821Z"}
{"level":"info","message":"Retrieved 1 students successfully","timestamp":"2026-08-31T18:17:51.834Z"}
{"level":"info","message":{"duration":"3ms","method":"GET","params":{},"path":"/api/students","query":{},"status":304},"timestamp":"2026-08-31T18:17:51.834Z"}
{"activeCourses":1,"activeStudents":1,"courseCounts":[{"_id":"6a95c444aacabccab3612d85","count":1}],"graduates":0,"level":"info","message":"Dashboard statistics retrieved successfully:","successRate":0,"timestamp":"2026-08-31T18:17:51.848Z","totalCourses":1,"totalStudents":1}
{"level":"info","message":{"duration":"16ms","method":"GET","params":{},"path":"/api/dashboard/stats","query":{},"status":304},"timestamp":"2026-08-31T18:17:51.849Z"}
{"level":"info","message":"Retrieved 1 courses successfully","timestamp":"2026-08-31T18:17:52.229Z"}
{"level":"info","message":{"duration":"2ms","method":"GET","params":{},"path":"/api/courses","query":{},"status":304},"timestamp":"2026-08-31T18:17:52.229Z"}
{"level":"info","message":"Retrieved 1 students successfully","timestamp":"2026-08-31T18:17:52.248Z"}
{"level":"info","message":{"duration":"4ms","method":"GET","params":{},"path":"/api/students","query":{},"status":304},"timestamp":"2026-08-31T18:17:52.250Z"}
{"activeCourses":1,"activeStudents":1,"courseCounts":[{"_id":"6a95c444aacabccab3612d85","count":1}],"graduates":0,"level":"info","message":"Dashboard statistics retrieved successfully:","successRate":0,"timestamp":"2026-08-31T18:17:52.262Z","totalCourses":1,"totalStudents":1}
{"level":"info","message":{"duration":"16ms","method":"GET","params":{},"path":"/api/dashboard/stats","query":{},"status":304},"timestamp":"2026-08-31T18:17:52.263Z"}
{"level":"info","message":"Retrieved 1 courses successfully","timestamp":"2026-08-31T18:17:52.629Z"}
{"level":"info","message":{"duration":"2ms","method":"GET","params":{},"path":"/api/courses","query":{},"status":304},"timestamp":"2026-08-31T18:17:52.630Z"}
{"level":"info","message":"Retrieved 1 students successfully","timestamp":"2026-08-31T18:17:52.644Z"}
{"level":"info","message":{"duration":"3ms","method":"GET","params":{},"path":"/api/students","query":{},"status":304},"timestamp":"2026-08-31T18:17:52.645Z"}
{"activeCourses":1,"activeStudents":1,"courseCounts":[{"_id":"6a95c444aacabccab3612d85","count":1}],"graduates":0,"level":"info","message":"Dashboard statistics retrieved successfully:","successRate":0,"timestamp":"2026-08-31T18:17:52.654Z","totalCourses":1,"totalStudents":1}
{"level":"info","message":{"duration":"11ms","method":"GET","params":{},"path":"/api/dashboard/stats","query":{},"status":304},"timestamp":"2026-08-31T18:17:52.655Z"}
{"level":"info","message":"Retrieved 1 courses successfully","timestamp":"2026-08-31T18:17:53.023Z"}
{"level":"info","message":{"duration":"4ms","method":"GET","params":{},"path":"/api/courses","query":{},"status":304},"timestamp":"2026-08-31T18:17:53.025Z"}
{"level":"info","message":"Retrieved 1 students successfully","timestamp":"2026-08-31T18:17:53.036Z"}
{"level":"info","message":{"duration":"3ms","method":"GET","params":{},"path":"/api/students","query":{},"status":304},"timestamp":"2026-08-31T18:17:53.037Z"}
{"activeCourses":1,"activeStudents":1,"courseCounts":[{"_id":"6a95c444aacabccab3612d85","count":1}],"graduates":0,"level":"info","message":"Dashboard statistics retrieved successfully:","successRate":0,"timestamp":"2026-08-31T18:17:53.046Z","totalCourses":1,"totalStudents":1}
{"level":"info","message":{"duration":"12ms","method":"GET","params":{},"path":"/api/dashboard/stats","query":{},"status":304},"timestamp":"2026-08-31T18:17:53.047Z"}
{"level":"info","message":"Retrieved 1 courses successfully","timestamp":"2026-08-31T18:17:53.450Z"}
{"level":"info","message":{"duration":"3ms","method":"GET","params":{},"path":"/api/courses","query":{},"status":304},"timestamp":"2026-08-31T18:17:53.450Z"}
{"level":"info","message":"Retrieved 1 students successfully","timestamp":"2026-08-31T18:17:53.467Z"}
{"level":"info","message":{"duration":"3ms","method":"GET","params":{},"path":"/api/students","query":{},"status":304},"timestamp":"2026-08-31T18:17:53.468Z"}
{"activeCourses":1,"activeStudents":1,"courseCounts":[{"_id":"6a95c444aacabccab3612d85","count":1}],"graduates":0,"level":"info","message":"Dashboard statistics retrieved successfully:","successRate":0,"timestamp":"2026-08-31T18:17:53.476Z","totalCourses":1,"totalStudents":1}
{"level":"info","message":{"duration":"11ms","method":"GET","params":{},"path":"/api/dashboard/stats","query":{},"status":304},"timestamp":"2026-08-31T18:17:53.477Z"}
{"level":"info","message":"Retrieved 1 courses successfully","timestamp":"2026-08-31T18:17:53.856Z"}
{"level":"info","message":{"duration":"3ms","method":"GET","params":{},"path":"/api/courses","query":{},"status":304},"timestamp":"2026-08-31T18:17:53.857Z"}
{"level":"info","message":"Retrieved 1 students successfully","timestamp":"2026-08-31T18:17:53.874Z"}
{"level":"info","message":{"duration":"4ms","method":"GET","params":{},"path":"/api/students","query":{},"status":304},"timestamp":"2026-08-31T18:17:53.875Z"}
{"activeCourses":1,"activeStudents":1,"courseCounts":[{"_id":"6a95c444aacabccab3612d85","count":1}],"graduates":0,"level":"info","message":"Dashboard statistics retrieved successfully:","successRate":0,"timestamp":"2026-08-31T18:17:53.884Z","totalCourses":1,"totalStudents":1}
{"level":"info","message":{"duration":"12ms","method":"GET","params":{},"path":"/api/dashboard/stats","query":{},"status":304},"timestamp":"2026-08-31T18:17:53.885Z"}
{"level":"info","message":"Retrieved 1 courses successfully","timestamp":"2026-08-31T18:17:54.246Z"}
{"level":"info","message":{"duration":"2ms","method":"GET","params":{},"path":"/api/courses","query":{},"status":304},"timestamp":"2026-08-31T18:17:54.247Z"}
{"level":"info","message":"Retrieved 1 students successfully","timestamp":"2026-08-31T18:17:54.262Z"}
{"level":"info","message":{"duration":"3ms","method":"GET","params":{},"path":"/api/students","query":{},"status":304},"timestamp":"2026-08-31T18:17:54.262Z"}
{"activeCourses":1,"activeStudents":1,"courseCounts":[{"_id":"6a95c444aacabccab3612d85","count":1}],"graduates":0,"level":"info","message":"Dashboard statistics retrieved successfully:","successRate":0,"timestamp":"2026-08-31T18:17:54.270Z","totalCourses":1,"totalStudents":1}
{"level":"info","message":{"duration":"10ms","method":"GET","params":{},"path":"/api/dashboard/stats","query":{},"status":304},"timestamp":"2026-08-31T18:17:54.271Z"}
{"level":"info","message":"Retrieved 1 courses successfully","timestamp":"2026-08-31T18:17:54.676Z"}
{"level":"info","message":{"duration":"4ms","method":"GET","params":{},"path":"/api/courses","query":{},"status":304},"timestamp":"2026-08-31T18:17:54.677Z"}
{"level":"info","message":"Retrieved 1 students successfully","timestamp":"2026-08-31T18:17:54.687Z"}
{"level":"info","message":{"duration":"3ms","method":"GET","params":{},"path":"/api/students","query":{},"status":304},"timestamp":"2026-08-31T18:17:54.688Z"}
{"activeCourses":1,"activeStudents":1,"courseCounts":[{"_id":"6a95c444aacabccab3612d85","count":1}],"graduates":0,"level":"info","message":"Dashboard statistics retrieved successfully:","successRate":0,"timestamp":"2026-08-31T18:17:54.698Z","totalCourses":1,"totalStudents":1}
{"level":"info","message":{"duration":"13ms","method":"GET","params":{},"path":"/api/dashboard/stats","query":{},"status":304},"timestamp":"2026-08-31T18:17:54.699Z"}
{"level":"info","message":"Retrieved 1 courses successfully","timestamp":"2026-08-31T18:17:55.074Z"}
{"level":"info","message":{"duration":"5ms","method":"GET","params":{},"path":"/api/courses","query":{},"status":304},"timestamp":"2026-08-31T18:17:55.076Z"}
{"level":"info","message":"Retrieved 1 students successfully","timestamp":"2026-08-31T18:17:55.084Z"}
{"level":"info","message":{"duration":"3ms","method":"GET","params":{},"path":"/api/students","query":{},"status":304},"timestamp":"2026-08-31T18:17:55.085Z"}
{"activeCourses":1,"activeStudents":1,"courseCounts":[{"_id":"6a95c444aacabccab3612d85","count":1}],"graduates":0,"level":"info","message":"Dashboard statistics retrieved successfully:","successRate":0,"timestamp":"2026-08-31T18:17:55.097Z","totalCourses":1,"totalStudents":1}
{"level":"info","message":{"duration":"15ms","method":"GET","params":{},"path":"/api/dashboard/stats","query":{},"status":304},"timestamp":"2026-08-31T18:17:55.098Z"}
{"level":"info","message":"Retrieved 1 courses successfully","timestamp":"2026-08-31T18:17:55.477Z"}
{"level":"info","message":{"duration":"4ms","method":"GET","params":{},"path":"/api/courses","query":{},"status":304},"timestamp":"2026-08-31T18:17:55.478Z"}
{"level":"info","message":"Retrieved 1 students successfully","timestamp":"2026-08-31T18:17:55.497Z"}
{"level":"info","message":{"duration":"7ms","method":"GET","params":{},"path":"/api/students","query":{},"status":304},"timestamp":"2026-08-31T18:17:55.499Z"}
{"activeCourses":1,"activeStudents":1,"courseCounts":[{"_id":"6a95c444aacabccab3612d85","count":1}],"graduates":0,"level":"info","message":"Dashboard statistics retrieved successfully:","successRate":0,"timestamp":"2026-08-31T18:17:55.513Z","totalCourses":1,"totalStudents":1}
{"level":"info","message":{"duration":"21ms","method":"GET","params":{},"path":"/api/dashboard/stats","query":{},"status":304},"timestamp":"2026-08-31T18:17:55.515Z"}
{"level":"info","message":"Retrieved 1 courses successfully","timestamp":"2026-08-31T18:17:55.893Z"}
{"level":"info","message":{"duration":"3ms","method":"GET","params":{},"path":"/api/courses","query":{},"status":304},"timestamp":"2026-08-31T18:17:55.895Z"}
{"level":"info","message":"Retrieved 1 students successfully","timestamp":"2026-08-31T18:17:55.908Z"}
{"level":"info","message":{"duration":"3ms","method":"GET","params":{},"path":"/api/students","query":{},"status":304},"timestamp":"2026-08-31T18:17:55.909Z"}
{"activeCourses":1,"activeStudents":1,"courseCounts":[{"_id":"6a95c444aacabccab3612d85","count":1}],"graduates":0,"level":"info","message":"Dashboard statistics retrieved successfully:","successRate":0,"timestamp":"2026-08-31T18:17:55.920Z","totalCourses":1,"totalStudents":1}
{"level":"info","message":{"duration":"14ms","method":"GET","params":{},"path":"/api/dashboard/stats","query":{},"status":304},"timestamp":"2026-08-31T18:17:55.921Z"}
{"level":"info","message":"Retrieved 1 courses successfully","timestamp":"2026-08-31T18:17:56.287Z"}
{"level":"info","message":{"duration":"4ms","method":"GET","params":{},"path":"/api/courses","query":{},"status":304},"timestamp":"2026-08-31T18:17:56.288Z"}
{"level":"info","message":"Retrieved 1 students successfully","timestamp":"2026-08-31T18:17:56.301Z"}
{"level":"info","message":{"duration":"5ms","method":"GET","params":{},"path":"/api/students","query":{},"status":304},"timestamp":"2026-08-31T18:17:56.302Z"}
{"activeCourses":1,"activeStudents":1,"courseCounts":[{"_id":"6a95c444aacabccab3612d85","count":1}],"graduates":0,"level":"info","message":"Dashboard statistics retrieved successfully:","successRate":0,"timestamp":"2026-08-31T18:17:56.313Z","totalCourses":1,"totalStudents":1}
{"level":"info","message":{"duration":"16ms","method":"GET","params":{},"path":"/api/dashboard/stats","query":{},"status":304},"timestamp":"2026-08-31T18:17:56.315Z"}
{"level":"info","message":"Retrieved 1 courses successfully","timestamp":"2026-08-31T18:17:56.694Z"}
{"level":"info","message":{"duration":"6ms","method":"GET","params":{},"path":"/api/courses","query":{},"status":304},"timestamp":"2026-08-31T18:17:56.696Z"}
{"level":"info","message":"Retrieved 1 students successfully","timestamp":"2026-08-31T18:17:56.721Z"}
{"level":"info","message":{"duration":"5ms","method":"GET","params":{},"path":"/api/students","query":{},"status":304},"timestamp":"2026-08-31T18:17:56.722Z"}
{"activeCourses":1,"activeStudents":1,"courseCounts":[{"_id":"6a95c444aacabccab3612d85","count":1}],"graduates":0,"level":"info","message":"Dashboard statistics retrieved successfully:","successRate":0,"timestamp":"2026-08-31T18:17:56.735Z","totalCourses":1,"totalStudents":1}
{"level":"info","message":{"duration":"13ms","method":"GET","params":{},"path":"/api/dashboard/stats","query":{},"status":304},"timestamp":"2026-08-31T18:17:56.736Z"}
{"level":"info","message":"Retrieved 1 courses successfully","timestamp":"2026-08-31T18:17:57.093Z"}
{"level":"info","message":{"duration":"4ms","method":"GET","params":{},"path":"/api/courses","query":{},"status":304},"timestamp":"2026-08-31T18:17:57.094Z"}
{"level":"info","message":"Retrieved 1 students successfully","timestamp":"2026-08-31T18:17:57.109Z"}
{"level":"info","message":{"duration":"5ms","method":"GET","params":{},"path":"/api/students","query":{},"status":304},"timestamp":"2026-08-31T18:17:57.111Z"}
{"activeCourses":1,"activeStudents":1,"courseCounts":[{"_id":"6a95c444aacabccab3612d85","count":1}],"graduates":0,"level":"info","message":"Dashboard statistics retrieved successfully:","successRate":0,"timestamp":"2026-08-31T18:17:57.123Z","totalCourses":1,"totalStudents":1}
{"level":"info","message":{"duration":"17ms","method":"GET","params":{},"path":"/api/dashboard/stats","query":{},"status":304},"timestamp":"2026-08-31T18:17:57.124Z"}
{"level":"info","message":"Retrieved 1 courses successfully","timestamp":"2026-08-31T18:17:57.497Z"}
{"level":"info","message":{"duration":"5ms","method":"GET","params":{},"path":"/api/courses","query":{},"status":304},"timestamp":"2026-08-31T18:17:57.499Z"}
{"level":"info","message":"Retrieved 1 students successfully","timestamp":"2026-08-31T18:17:57.512Z"}
{"level":"info","message":{"duration":"4ms","method":"GET","params":{},"path":"/api/students","query":{},"status":304},"timestamp":"2026-08-31T18:17:57.513Z"}
{"activeCourses":1,"activeStudents":1,"courseCounts":[{"_id":"6a95c444aacabccab3612d85","count":1}],"graduates":0,"level":"info","message":"Dashboard statistics retrieved successfully:","successRate":0,"timestamp":"2026-08-31T18:17:57.523Z","totalCourses":1,"totalStudents":1}
{"level":"info","message":{"duration":"13ms","method":"GET","params":{},"path":"/api/dashboard/stats","query":{},"status":304},"timestamp":"2026-08-31T18:17:57.524Z"}
{"level":"info","message":"Retrieved 1 courses successfully","timestamp":"2026-08-31T18:17:57.905Z"}
{"level":"info","message":{"duration":"4ms","method":"GET","params":{},"path":"/api/courses","query":{},"status":304},"timestamp":"2026-08-31T18:17:57.906Z"}
{"level":"info","message":"Retrieved 1 students successfully","timestamp":"2026-08-31T18:17:57.917Z"}
{"level":"info","message":{"duration":"5ms","method":"GET","params":{},"path":"/api/students","query":{},"status":304},"timestamp":"2026-08-31T18:17:57.919Z"}
{"activeCourses":1,"activeStudents":1,"courseCounts":[{"_id":"6a95c444aacabccab3612d85","count":1}],"graduates":0,"level":"info","message":"Dashboard statistics retrieved successfully:","successRate":0,"timestamp":"2026-08-31T18:17:57.928Z","totalCourses":1,"totalStudents":1}
{"level":"info","message":{"duration":"12ms","method":"GET","params":{},"path":"/api/dashboard/stats","query":{},"status":304},"timestamp":"2026-08-31T18:17:57.928Z"}
{"level":"info","message":"Retrieved 1 courses successfully","timestamp":"2026-08-31T18:17:58.300Z"}
{"level":"info","message":{"duration":"5ms","method":"GET","params":{},"path":"/api/courses","query":{},"status":304},"timestamp":"2026-08-31T18:17:58.302Z"}
{"level":"info","message":"Retrieved 1 students successfully","timestamp":"2026-08-31T18:17:58.314Z"}
{"level":"info","message":{"duration":"4ms","method":"GET","params":{},"path":"/api/students","query":{},"status":304},"timestamp":"2026-08-31T18:17:58.315Z"}
{"activeCourses":1,"activeStudents":1,"courseCounts":[{"_id":"6a95c444aacabccab3612d85","count":1}],"graduates":0,"level":"info","message":"Dashboard statistics retrieved successfully:","successRate":0,"timestamp":"2026-08-31T18:17:58.327Z","totalCourses":1,"totalStudents":1}
{"level":"info","message":{"duration":"15ms","method":"GET","params":{},"path":"/api/dashboard/stats","query":{},"status":304},"timestamp":"2026-08-31T18:17:58.328Z"}
{"level":"info","message":"Retrieved 1 courses successfully","timestamp":"2026-08-31T18:17:58.704Z"}
{"level":"info","message":{"duration":"3ms","method":"GET","params":{},"path":"/api/courses","query":{},"status":304},"timestamp":"2026-08-31T18:17:58.705Z"}
{"level":"info","message":"Retrieved 1 students successfully","timestamp":"2026-08-31T18:17:58.715Z"}
{"level":"info","message":{"duration":"2ms","method":"GET","params":{},"path":"/api/students","query":{},"status":304},"timestamp":"2026-08-31T18:17:58.716Z"}
{"activeCourses":1,"activeStudents":1,"courseCounts":[{"_id":"6a95c444aacabccab3612d85","count":1}],"graduates":0,"level":"info","message":"Dashboard statistics retrieved successfully:","successRate":0,"timestamp":"2026-08-31T18:17:58.728Z","totalCourses":1,"totalStudents":1}
{"level":"info","message":{"duration":"15ms","method":"GET","params":{},"path":"/api/dashboard/stats","query":{},"status":304},"timestamp":"2026-08-31T18:17:58.729Z"}
{"level":"info","message":"Retrieved 1 courses successfully","timestamp":"2026-08-31T18:17:59.108Z"}
{"level":"info","message":{"duration":"4ms","method":"GET","params":{},"path":"/api/courses","query":{},"status":304},"timestamp":"2026-08-31T18:17:59.109Z"}
{"level":"info","message":"Retrieved 1 students successfully","timestamp":"2026-08-31T18:17:59.121Z"}
{"level":"info","message":{"duration":"3ms","method":"GET","params":{},"path":"/api/students","query":{},"status":304},"timestamp":"2026-08-31T18:17:59.122Z"}
{"activeCourses":1,"activeStudents":1,"courseCounts":[{"_id":"6a95c444aacabccab3612d85","count":1}],"graduates":0,"level":"info","message":"Dashboard statistics retrieved successfully:","successRate":0,"timestamp":"2026-08-31T18:17:59.131Z","totalCourses":1,"totalStudents":1}
{"level":"info","message":{"duration":"12ms","method":"GET","params":{},"path":"/api/dashboard/stats","query":{},"status":304},"timestamp":"2026-08-31T18:17:59.132Z"}
{"level":"info","message":"Retrieved 1 courses successfully","timestamp":"2026-08-31T18:17:59.526Z"}
{"level":"info","message":{"duration":"3ms","method":"GET","params":{},"path":"/api/courses","query":{},"status":304},"timestamp":"2026-08-31T18:17:59.527Z"}
{"level":"info","message":"Retrieved 1 students successfully","timestamp":"2026-08-31T18:17:59.537Z"}
{"level":"info","message":{"duration":"5ms","method":"GET","params":{},"path":"/api/students","query":{},"status":304},"timestamp":"2026-08-31T18:17:59.540Z"}
{"activeCourses":1,"activeStudents":1,"courseCounts":[{"_id":"6a95c444aacabccab3612d85","count":1}],"graduates":0,"level":"info","message":"Dashboard statistics retrieved successfully:","successRate":0,"timestamp":"2026-08-31T18:17:59.552Z","totalCourses":1,"totalStudents":1}
{"level":"info","message":{"duration":"18ms","method":"GET","params":{},"path":"/api/dashboard/stats","query":{},"status":304},"timestamp":"2026-08-31T18:17:59.553Z"}
{"level":"info","message":"Retrieved 1 courses successfully","timestamp":"2026-08-31T18:17:59.934Z"}
{"level":"info","message":{"duration":"3ms","method":"GET","params":{},"path":"/api/courses","query":{},"status":304},"timestamp":"2026-08-31T18:17:59.935Z"}
{"level":"info","message":"Retrieved 1 students successfully","timestamp":"2026-08-31T18:17:59.945Z"}
{"level":"info","message":{"duration":"3ms","method":"GET","params":{},"path":"/api/students","query":{},"status":304},"timestamp":"2026-08-31T18:17:59.946Z"}
{"activeCourses":1,"activeStudents":1,"courseCounts":[{"_id":"6a95c444aacabccab3612d85","count":1}],"graduates":0,"level":"info","message":"Dashboard statistics retrieved successfully:","successRate":0,"timestamp":"2026-08-31T18:17:59.959Z","totalCourses":1,"totalStudents":1}
{"level":"info","message":{"duration":"15ms","method":"GET","params":{},"path":"/api/dashboard/stats","query":{},"status":304},"timestamp":"2026-08-31T18:17:59.960Z"}
{"level":"info","message":"Retrieved 1 courses successfully","timestamp":"2026-08-31T18:18:00.329Z"}
{"level":"info","message":{"duration":"4ms","method":"GET","params":{},"path":"/api/courses","query":{},"status":304},"timestamp":"2026-08-31T18:18:00.331Z"}
{"level":"info","message":"Retrieved 1 students successfully","timestamp":"2026-08-31T18:18:00.350Z"}
{"level":"info","message":{"duration":"7ms","method":"GET","params":{},"path":"/api/students","query":{},"status":304},"timestamp":"2026-08-31T18:18:00.353Z"}
{"activeCourses":1,"activeStudents":1,"courseCounts":[{"_id":"6a95c444aacabccab3612d85","count":1}],"graduates":0,"level":"info","message":"Dashboard statistics retrieved successfully:","successRate":0,"timestamp":"2026-08-31T18:18:00.367Z","totalCourses":1,"totalStudents":1}
{"level":"info","message":{"duration":"15ms","method":"GET","params":{},"path":"/api/dashboard/stats","query":{},"status":304},"timestamp":"2026-08-31T18:18:00.369Z"}
{"level":"info","message":"Retrieved 1 courses successfully","timestamp":"2026-08-31T18:18:00.745Z"}
{"level":"info","message":{"duration":"1ms","method":"GET","params":{},"path":"/api/courses","query":{},"status":304},"timestamp":"2026-08-31T18:18:00.745Z"}
{"level":"info","message":"Retrieved 1 students successfully","timestamp":"2026-08-31T18:18:00.760Z"}
{"level":"info","message":{"duration":"3ms","method":"GET","params":{},"path":"/api/students","query":{},"status":304},"timestamp":"2026-08-31T18:18:00.761Z"}
{"activeCourses":1,"activeStudents":1,"courseCounts":[{"_id":"6a95c444aacabccab3612d85","count":1}],"graduates":0,"level":"info","message":"Dashboard statistics retrieved successfully:","successRate":0,"timestamp":"2026-08-31T18:18:00.770Z","totalCourses":1,"totalStudents":1}
{"level":"info","message":{"duration":"13ms","method":"GET","params":{},"path":"/api/dashboard/stats","query":{},"status":304},"timestamp":"2026-08-31T18:18:00.771Z"}
{"level":"info","message":"Retrieved 1 courses successfully","timestamp":"2026-08-31T18:18:01.138Z"}
{"level":"info","message":{"duration":"6ms","method":"GET","params":{},"path":"/api/courses","query":{},"status":304},"timestamp":"2026-08-31T18:18:01.141Z"}
{"level":"info","message":"Retrieved 1 students successfully","timestamp":"2026-08-31T18:18:01.161Z"}
{"level":"info","message":{"duration":"10ms","method":"GET","params":{},"path":"/api/students","query":{},"status":304},"timestamp":"2026-08-31T18:18:01.164Z"}
{"activeCourses":1,"activeStudents":1,"courseCounts":[{"_id":"6a95c444aacabccab3612d85","count":1}],"graduates":0,"level":"info","message":"Dashboard statistics retrieved successfully:","successRate":0,"timestamp":"2026-08-31T18:18:01.179Z","totalCourses":1,"totalStudents":1}
{"level":"info","message":{"duration":"24ms","method":"GET","params":{},"path":"/api/dashboard/stats","query":{},"status":304},"timestamp":"2026-08-31T18:18:01.181Z"}
{"level":"info","message":"Retrieved 1 courses successfully","timestamp":"2026-08-31T18:18:01.539Z"}
{"level":"info","message":{"duration":"4ms","method":"GET","params":{},"path":"/api/courses","query":{},"status":304},"timestamp":"2026-08-31T18:18:01.540Z"}
{"level":"info","message":"Retrieved 1 students successfully","timestamp":"2026-08-31T18:18:01.552Z"}
{"level":"info","message":{"duration":"4ms","method":"GET","params":{},"path":"/api/students","query":{},"status":304},"timestamp":"2026-08-31T18:18:01.553Z"}
{"activeCourses":1,"activeStudents":1,"courseCounts":[{"_id":"6a95c444aacabccab3612d85","count":1}],"graduates":0,"level":"info","message":"Dashboard statistics retrieved successfully:","successRate":0,"timestamp":"2026-08-31T18:18:01.566Z","totalCourses":1,"totalStudents":1}
{"level":"info","message":{"duration":"13ms","method":"GET","params":{},"path":"/api/dashboard/stats","query":{},"status":304},"timestamp":"2026-08-31T18:18:01.567Z"}
{"level":"info","message":"Retrieved 1 courses successfully","timestamp":"2026-08-31T18:18:01.936Z"}
{"level":"info","message":{"duration":"3ms","method":"GET","params":{},"path":"/api/courses","query":{},"status":304},"timestamp":"2026-08-31T18:18:01.936Z"}
{"level":"info","message":"Retrieved 1 students successfully","timestamp":"2026-08-31T18:18:01.947Z"}
{"level":"info","message":{"duration":"2ms","method":"GET","params":{},"path":"/api/students","query":{},"status":304},"timestamp":"2026-08-31T18:18:01.947Z"}
{"activeCourses":1,"activeStudents":1,"courseCounts":[{"_id":"6a95c444aacabccab3612d85","count":1}],"graduates":0,"level":"info","message":"Dashboard statistics retrieved successfully:","successRate":0,"timestamp":"2026-08-31T18:18:01.956Z","totalCourses":1,"totalStudents":1}
{"level":"info","message":{"duration":"12ms","method":"GET","params":{},"path":"/api/dashboard/stats","query":{},"status":304},"timestamp":"2026-08-31T18:18:01.958Z"}
{"level":"info","message":"Retrieved 1 courses successfully","timestamp":"2026-08-31T18:18:02.357Z"}
{"level":"info","message":{"duration":"5ms","method":"GET","params":{},"path":"/api/courses","query":{},"status":304},"timestamp":"2026-08-31T18:18:02.359Z"}
{"level":"info","message":"Retrieved 1 students successfully","timestamp":"2026-08-31T18:18:02.374Z"}
{"level":"info","message":{"duration":"6ms","method":"GET","params":{},"path":"/api/students","query":{},"status":304},"timestamp":"2026-08-31T18:18:02.376Z"}
{"activeCourses":1,"activeStudents":1,"courseCounts":[{"_id":"6a95c444aacabccab3612d85","count":1}],"graduates":0,"level":"info","message":"Dashboard statistics retrieved successfully:","successRate":0,"timestamp":"2026-08-31T18:18:02.389Z","totalCourses":1,"totalStudents":1}
{"level":"info","message":{"duration":"19ms","method":"GET","params":{},"path":"/api/dashboard/stats","query":{},"status":304},"timestamp":"2026-08-31T18:18:02.391Z"}
{"level":"info","message":"Retrieved 1 courses successfully","timestamp":"2026-08-31T18:18:02.757Z"}
{"level":"info","message":{"duration":"4ms","method":"GET","params":{},"path":"/api/courses","query":{},"status":304},"timestamp":"2026-08-31T18:18:02.758Z"}
{"level":"info","message":"Retrieved 1 students successfully","timestamp":"2026-08-31T18:18:02.776Z"}
{"level":"info","message":{"duration":"4ms","method":"GET","params":{},"path":"/api/students","query":{},"status":304},"timestamp":"2026-08-31T18:18:02.777Z"}
{"activeCourses":1,"activeStudents":1,"courseCounts":[{"_id":"6a95c444aacabccab3612d85","count":1}],"graduates":0,"level":"info","message":"Dashboard statistics retrieved successfully:","successRate":0,"timestamp":"2026-08-31T18:18:02.786Z","totalCourses":1,"totalStudents":1}
{"level":"info","message":{"duration":"13ms","method":"GET","params":{},"path":"/api/dashboard/stats","query":{},"status":304},"timestamp":"2026-08-31T18:18:02.787Z"}
{"level":"info","message":"Retrieved 1 courses successfully","timestamp":"2026-08-31T18:18:03.174Z"}
{"level":"info","message":{"duration":"2ms","method":"GET","params":{},"path":"/api/courses","query":{},"status":304},"timestamp":"2026-08-31T18:18:03.175Z"}
{"level":"info","message":"Retrieved 1 students successfully","timestamp":"2026-08-31T18:18:03.187Z"}
{"level":"info","message":{"duration":"3ms","method":"GET","params":{},"path":"/api/students","query":{},"status":304},"timestamp":"2026-08-31T18:18:03.188Z"}
{"activeCourses":1,"activeStudents":1,"courseCounts":[{"_id":"6a95c444aacabccab3612d85","count":1}],"graduates":0,"level":"info","message":"Dashboard statistics retrieved successfully:","successRate":0,"timestamp":"2026-08-31T18:18:03.198Z","totalCourses":1,"totalStudents":1}
{"level":"info","message":{"duration":"13ms","method":"GET","params":{},"path":"/api/dashboard/stats","query":{},"status":304},"timestamp":"2026-08-31T18:18:03.199Z"}
{"level":"info","message":"Retrieved 1 courses successfully","timestamp":"2026-08-31T18:18:03.574Z"}
{"level":"info","message":{"duration":"4ms","method":"GET","params":{},"path":"/api/courses","query":{},"status":304},"timestamp":"2026-08-31T18:18:03.575Z"}
{"level":"info","message":"Retrieved 1 students successfully","timestamp":"2026-08-31T18:18:03.587Z"}
{"level":"info","message":{"duration":"3ms","method":"GET","params":{},"path":"/api/students","query":{},"status":304},"timestamp":"2026-08-31T18:18:03.588Z"}
{"activeCourses":1,"activeStudents":1,"courseCounts":[{"_id":"6a95c444aacabccab3612d85","count":1}],"graduates":0,"level":"info","message":"Dashboard statistics retrieved successfully:","successRate":0,"timestamp":"2026-08-31T18:18:03.599Z","totalCourses":1,"totalStudents":1}
{"level":"info","message":{"duration":"14ms","method":"GET","params":{},"path":"/api/dashboard/stats","query":{},"status":304},"timestamp":"2026-08-31T18:18:03.600Z"}
{"level":"info","message":"Retrieved 1 courses successfully","timestamp":"2026-08-31T18:18:03.971Z"}
{"level":"info","message":{"duration":"5ms","method":"GET","params":{},"path":"/api/courses","query":{},"status":304},"timestamp":"2026-08-31T18:18:03.973Z"}
{"level":"info","message":"Retrieved 1 students successfully","timestamp":"2026-08-31T18:18:03.984Z"}
{"level":"info","message":{"duration":"3ms","method":"GET","params":{},"path":"/api/students","query":{},"status":304},"timestamp":"2026-08-31T18:18:03.985Z"}
{"activeCourses":1,"activeStudents":1,"courseCounts":[{"_id":"6a95c444aacabccab3612d85","count":1}],"graduates":0,"level":"info","message":"Dashboard statistics retrieved successfully:","successRate":0,"timestamp":"2026-08-31T18:18:03.996Z","totalCourses":1,"totalStudents":1}
{"level":"info","message":{"duration":"14ms","method":"GET","params":{},"path":"/api/dashboard/stats","query":{},"status":304},"timestamp":"2026-08-31T18:18:03.997Z"}
{"level":"info","message":"Retrieved 1 courses successfully","timestamp":"2026-08-31T18:18:04.376Z"}
{"level":"info","message":{"duration":"3ms","method":"GET","params":{},"path":"/api/courses","query":{},"status":304},"timestamp":"2026-08-31T18:18:04.377Z"}
{"level":"info","message":"Retrieved 1 students successfully","timestamp":"2026-08-31T18:18:04.392Z"}
{"level":"info","message":{"duration":"4ms","method":"GET","params":{},"path":"/api/students","query":{},"status":304},"timestamp":"2026-08-31T18:18:04.394Z"}
{"activeCourses":1,"activeStudents":1,"courseCounts":[{"_id":"6a95c444aacabccab3612d85","count":1}],"graduates":0,"level":"info","message":"Dashboard statistics retrieved successfully:","successRate":0,"timestamp":"2026-08-31T18:18:04.408Z","totalCourses":1,"totalStudents":1}
{"level":"info","message":{"duration":"18ms","method":"GET","params":{},"path":"/api/dashboard/stats","query":{},"status":304},"timestamp":"2026-08-31T18:18:04.409Z"}
{"level":"info","message":"Retrieved 1 courses successfully","timestamp":"2026-08-31T18:18:04.780Z"}
{"level":"info","message":{"duration":"4ms","method":"GET","params":{},"path":"/api/courses","query":{},"status":304},"timestamp":"2026-08-31T18:18:04.781Z"}
{"level":"info","message":"Retrieved 1 students successfully","timestamp":"2026-08-31T18:18:04.795Z"}
{"level":"info","message":{"duration":"4ms","method":"GET","params":{},"path":"/api/students","query":{},"status":304},"timestamp":"2026-08-31T18:18:04.796Z"}
{"activeCourses":1,"activeStudents":1,"courseCounts":[{"_id":"6a95c444aacabccab3612d85","count":1}],"graduates":0,"level":"info","message":"Dashboard statistics retrieved successfully:","successRate":0,"timestamp":"2026-08-31T18:18:04.807Z","totalCourses":1,"totalStudents":1}
{"level":"info","message":{"duration":"15ms","method":"GET","params":{},"path":"/api/dashboard/stats","query":{},"status":304},"timestamp":"2026-08-31T18:18:04.808Z"}
{"level":"info","message":"Retrieved 1 courses successfully","timestamp":"2026-08-31T18:18:05.185Z"}
{"level":"info","message":{"duration":"3ms","method":"GET","params":{},"path":"/api/courses","query":{},"status":304},"timestamp":"2026-08-31T18:18:05.186Z"}
{"level":"info","message":"Retrieved 1 students successfully","timestamp":"2026-08-31T18:18:05.197Z"}
{"level":"info","message":{"duration":"2ms","method":"GET","params":{},"path":"/api/students","query":{},"status":304},"timestamp":"2026-08-31T18:18:05.197Z"}
{"activeCourses":1,"activeStudents":1,"courseCounts":[{"_id":"6a95c444aacabccab3612d85","count":1}],"graduates":0,"level":"info","message":"Dashboard statistics retrieved successfully:","successRate":0,"timestamp":"2026-08-31T18:18:05.209Z","totalCourses":1,"totalStudents":1}
{"level":"info","message":{"duration":"15ms","method":"GET","params":{},"path":"/api/dashboard/stats","query":{},"status":304},"timestamp":"2026-08-31T18:18:05.210Z"}
{"level":"info","message":"Retrieved 1 courses successfully","timestamp":"2026-08-31T18:18:05.589Z"}
{"level":"info","message":{"duration":"2ms","method":"GET","params":{},"path":"/api/courses","query":{},"status":304},"timestamp":"2026-08-31T18:18:05.589Z"}
{"level":"info","message":"Retrieved 1 students successfully","timestamp":"2026-08-31T18:18:05.599Z"}
{"level":"info","message":{"duration":"2ms","method":"GET","params":{},"path":"/api/students","query":{},"status":304},"timestamp":"2026-08-31T18:18:05.599Z"}
{"activeCourses":1,"activeStudents":1,"courseCounts":[{"_id":"6a95c444aacabccab3612d85","count":1}],"graduates":0,"level":"info","message":"Dashboard statistics retrieved successfully:","successRate":0,"timestamp":"2026-08-31T18:18:05.610Z","totalCourses":1,"totalStudents":1}
{"level":"info","message":{"duration":"13ms","method":"GET","params":{},"path":"/api/dashboard/stats","query":{},"status":304},"timestamp":"2026-08-31T18:18:05.611Z"}
{"level":"info","message":"Retrieved 1 courses successfully","timestamp":"2026-08-31T18:18:05.997Z"}
{"level":"info","message":{"duration":"3ms","method":"GET","params":{},"path":"/api/courses","query":{},"status":304},"timestamp":"2026-08-31T18:18:05.998Z"}
{"level":"info","message":"Retrieved 1 students successfully","timestamp":"2026-08-31T18:18:06.012Z"}
{"level":"info","message":{"duration":"4ms","method":"GET","params":{},"path":"/api/students","query":{},"status":304},"timestamp":"2026-08-31T18:18:06.013Z"}
{"activeCourses":1,"activeStudents":1,"courseCounts":[{"_id":"6a95c444aacabccab3612d85","count":1}],"graduates":0,"level":"info","message":"Dashboard statistics retrieved successfully:","successRate":0,"timestamp":"2026-08-31T18:18:06.022Z","totalCourses":1,"totalStudents":1}
{"level":"info","message":{"duration":"13ms","method":"GET","params":{},"path":"/api/dashboard/stats","query":{},"status":304},"timestamp":"2026-08-31T18:18:06.023Z"}
{"level":"info","message":"Retrieved 1 courses successfully","timestamp":"2026-08-31T18:18:06.408Z"}
{"level":"info","message":{"duration":"4ms","method":"GET","params":{},"path":"/api/courses","query":{},"status":304},"timestamp":"2026-08-31T18:18:06.409Z"}
{"level":"info","message":"Retrieved 1 students successfully","timestamp":"2026-08-31T18:18:06.428Z"}
{"level":"info","message":{"duration":"6ms","method":"GET","params":{},"path":"/api/students","query":{},"status":304},"timestamp":"2026-08-31T18:18:06.429Z"}
{"activeCourses":1,"activeStudents":1,"courseCounts":[{"_id":"6a95c444aacabccab3612d85","count":1}],"graduates":0,"level":"info","message":"Dashboard statistics retrieved successfully:","successRate":0,"timestamp":"2026-08-31T18:18:06.444Z","totalCourses":1,"totalStudents":1}
{"level":"info","message":{"duration":"20ms","method":"GET","params":{},"path":"/api/dashboard/stats","query":{},"status":304},"timestamp":"2026-08-31T18:18:06.445Z"}
{"level":"info","message":"Retrieved 1 courses successfully","timestamp":"2026-08-31T18:18:06.802Z"}
{"level":"info","message":{"duration":"4ms","method":"GET","params":{},"path":"/api/courses","query":{},"status":304},"timestamp":"2026-08-31T18:18:06.803Z"}
{"level":"info","message":"Retrieved 1 students successfully","timestamp":"2026-08-31T18:18:06.813Z"}
{"level":"info","message":{"duration":"2ms","method":"GET","params":{},"path":"/api/students","query":{},"status":304},"timestamp":"2026-08-31T18:18:06.814Z"}
{"activeCourses":1,"activeStudents":1,"courseCounts":[{"_id":"6a95c444aacabccab3612d85","count":1}],"graduates":0,"level":"info","message":"Dashboard statistics retrieved successfully:","successRate":0,"timestamp":"2026-08-31T18:18:06.829Z","totalCourses":1,"totalStudents":1}
{"level":"info","message":{"duration":"18ms","method":"GET","params":{},"path":"/api/dashboard/stats","query":{},"status":304},"timestamp":"2026-08-31T18:18:06.831Z"}
{"level":"info","message":"Retrieved 1 courses successfully","timestamp":"2026-08-31T18:18:07.216Z"}
{"level":"info","message":{"duration":"3ms","method":"GET","params":{},"path":"/api/courses","query":{},"status":304},"timestamp":"2026-08-31T18:18:07.217Z"}
{"level":"info","message":"Retrieved 1 students successfully","timestamp":"2026-08-31T18:18:07.228Z"}
{"level":"info","message":{"duration":"4ms","method":"GET","params":{},"path":"/api/students","query":{},"status":304},"timestamp":"2026-08-31T18:18:07.229Z"}
{"activeCourses":1,"activeStudents":1,"courseCounts":[{"_id":"6a95c444aacabccab3612d85","count":1}],"graduates":0,"level":"info","message":"Dashboard statistics retrieved successfully:","successRate":0,"timestamp":"2026-08-31T18:18:07.240Z","totalCourses":1,"totalStudents":1}
{"level":"info","message":{"duration":"11ms","method":"GET","params":{},"path":"/api/dashboard/stats","query":{},"status":304},"timestamp":"2026-08-31T18:18:07.241Z"}
{"level":"info","message":"Retrieved 1 courses successfully","timestamp":"2026-08-31T18:18:07.628Z"}
{"level":"info","message":{"duration":"3ms","method":"GET","params":{},"path":"/api/courses","query":{},"status":304},"timestamp":"2026-08-31T18:18:07.629Z"}
{"level":"info","message":"Retrieved 1 students successfully","timestamp":"2026-08-31T18:18:07.642Z"}
{"level":"info","message":{"duration":"3ms","method":"GET","params":{},"path":"/api/students","query":{},"status":304},"timestamp":"2026-08-31T18:18:07.643Z"}
{"activeCourses":1,"activeStudents":1,"courseCounts":[{"_id":"6a95c444aacabccab3612d85","count":1}],"graduates":0,"level":"info","message":"Dashboard statistics retrieved successfully:","successRate":0,"timestamp":"2026-08-31T18:18:07.651Z","totalCourses":1,"totalStudents":1}
{"level":"info","message":{"duration":"11ms","method":"GET","params":{},"path":"/api/dashboard/stats","query":{},"status":304},"timestamp":"2026-08-31T18:18:07.652Z"}
{"level":"info","message":"Retrieved 1 courses successfully","timestamp":"2026-08-31T18:18:08.017Z"}
{"level":"info","message":{"duration":"3ms","method":"GET","params":{},"path":"/api/courses","query":{},"status":304},"timestamp":"2026-08-31T18:18:08.018Z"}
{"level":"info","message":"Retrieved 1 students successfully","timestamp":"2026-08-31T18:18:08.031Z"}
{"level":"info","message":{"duration":"3ms","method":"GET","params":{},"path":"/api/students","query":{},"status":304},"timestamp":"2026-08-31T18:18:08.032Z"}
{"activeCourses":1,"activeStudents":1,"courseCounts":[{"_id":"6a95c444aacabccab3612d85","count":1}],"graduates":0,"level":"info","message":"Dashboard statistics retrieved successfully:","successRate":0,"timestamp":"2026-08-31T18:18:08.043Z","totalCourses":1,"totalStudents":1}
{"level":"info","message":{"duration":"14ms","method":"GET","params":{},"path":"/api/dashboard/stats","query":{},"status":304},"timestamp":"2026-08-31T18:18:08.044Z"}
{"level":"info","message":"Retrieved 1 courses successfully","timestamp":"2026-08-31T18:18:08.422Z"}
{"level":"info","message":{"duration":"3ms","method":"GET","params":{},"path":"/api/courses","query":{},"status":304},"timestamp":"2026-08-31T18:18:08.423Z"}
{"level":"info","message":"Retrieved 1 students successfully","timestamp":"2026-08-31T18:18:08.434Z"}
{"level":"info","message":{"duration":"3ms","method":"GET","params":{},"path":"/api/students","query":{},"status":304},"timestamp":"2026-08-31T18:18:08.435Z"}
{"activeCourses":1,"activeStudents":1,"courseCounts":[{"_id":"6a95c444aacabccab3612d85","count":1}],"graduates":0,"level":"info","message":"Dashboard statistics retrieved successfully:","successRate":0,"timestamp":"2026-08-31T18:18:08.446Z","totalCourses":1,"totalStudents":1}
{"level":"info","message":{"duration":"13ms","method":"GET","params":{},"path":"/api/dashboard/stats","query":{},"status":304},"timestamp":"2026-08-31T18:18:08.446Z"}
{"level":"info","message":"Retrieved 1 courses successfully","timestamp":"2026-08-31T18:18:08.838Z"}
{"level":"info","message":{"duration":"4ms","method":"GET","params":{},"path":"/api/courses","query":{},"status":304},"timestamp":"2026-08-31T18:18:08.840Z"}
{"level":"info","message":"Retrieved 1 students successfully","timestamp":"2026-08-31T18:18:08.852Z"}
{"level":"info","message":{"duration":"2ms","method":"GET","params":{},"path":"/api/students","query":{},"status":304},"timestamp":"2026-08-31T18:18:08.852Z"}
{"activeCourses":1,"activeStudents":1,"courseCounts":[{"_id":"6a95c444aacabccab3612d85","count":1}],"graduates":0,"level":"info","message":"Dashboard statistics retrieved successfully:","successRate":0,"timestamp":"2026-08-31T18:18:08.864Z","totalCourses":1,"totalStudents":1}
{"level":"info","message":{"duration":"11ms","method":"GET","params":{},"path":"/api/dashboard/stats","query":{},"status":304},"timestamp":"2026-08-31T18:18:08.864Z"}
{"level":"info","message":"Retrieved 1 courses successfully","timestamp":"2026-08-31T18:18:09.241Z"}
{"level":"info","message":{"duration":"3ms","method":"GET","params":{},"path":"/api/courses","query":{},"status":304},"timestamp":"2026-08-31T18:18:09.242Z"}
{"level":"info","message":"Retrieved 1 students successfully","timestamp":"2026-08-31T18:18:09.256Z"}
{"level":"info","message":{"duration":"4ms","method":"GET","params":{},"path":"/api/students","query":{},"status":304},"timestamp":"2026-08-31T18:18:09.257Z"}
{"activeCourses":1,"activeStudents":1,"courseCounts":[{"_id":"6a95c444aacabccab3612d85","count":1}],"graduates":0,"level":"info","message":"Dashboard statistics retrieved successfully:","successRate":0,"timestamp":"2026-08-31T18:18:09.270Z","totalCourses":1,"totalStudents":1}
{"level":"info","message":{"duration":"16ms","method":"GET","params":{},"path":"/api/dashboard/stats","query":{},"status":304},"timestamp":"2026-08-31T18:18:09.271Z"}
{"level":"info","message":"Retrieved 1 courses successfully","timestamp":"2026-08-31T18:18:09.629Z"}
{"level":"info","message":{"duration":"3ms","method":"GET","params":{},"path":"/api/courses","query":{},"status":304},"timestamp":"2026-08-31T18:18:09.630Z"}
{"level":"info","message":"Retrieved 1 students successfully","timestamp":"2026-08-31T18:18:09.646Z"}
{"level":"info","message":{"duration":"5ms","method":"GET","params":{},"path":"/api/students","query":{},"status":304},"timestamp":"2026-08-31T18:18:09.647Z"}
{"activeCourses":1,"activeStudents":1,"courseCounts":[{"_id":"6a95c444aacabccab3612d85","count":1}],"graduates":0,"level":"info","message":"Dashboard statistics retrieved successfully:","successRate":0,"timestamp":"2026-08-31T18:18:09.657Z","totalCourses":1,"totalStudents":1}
{"level":"info","message":{"duration":"16ms","method":"GET","params":{},"path":"/api/dashboard/stats","query":{},"status":304},"timestamp":"2026-08-31T18:18:09.659Z"}
{"level":"info","message":"Retrieved 1 courses successfully","timestamp":"2026-08-31T18:18:10.042Z"}
{"level":"info","message":{"duration":"3ms","method":"GET","params":{},"path":"/api/courses","query":{},"status":304},"timestamp":"2026-08-31T18:18:10.043Z"}
{"level":"info","message":"Retrieved 1 students successfully","timestamp":"2026-08-31T18:18:10.055Z"}
{"level":"info","message":{"duration":"5ms","method":"GET","params":{},"path":"/api/students","query":{},"status":304},"timestamp":"2026-08-31T18:18:10.057Z"}
{"activeCourses":1,"activeStudents":1,"courseCounts":[{"_id":"6a95c444aacabccab3612d85","count":1}],"graduates":0,"level":"info","message":"Dashboard statistics retrieved successfully:","successRate":0,"timestamp":"2026-08-31T18:18:10.067Z","totalCourses":1,"totalStudents":1}
{"level":"info","message":{"duration":"14ms","method":"GET","params":{},"path":"/api/dashboard/stats","query":{},"status":304},"timestamp":"2026-08-31T18:18:10.067Z"}
{"level":"info","message":"Retrieved 1 courses successfully","timestamp":"2026-08-31T18:18:10.449Z"}
{"level":"info","message":{"duration":"4ms","method":"GET","params":{},"path":"/api/courses","query":{},"status":304},"timestamp":"2026-08-31T18:18:10.450Z"}
{"level":"info","message":"Retrieved 1 students successfully","timestamp":"2026-08-31T18:18:10.467Z"}
{"level":"info","message":{"duration":"7ms","method":"GET","params":{},"path":"/api/students","query":{},"status":304},"timestamp":"2026-08-31T18:18:10.469Z"}
{"activeCourses":1,"activeStudents":1,"courseCounts":[{"_id":"6a95c444aacabccab3612d85","count":1}],"graduates":0,"level":"info","message":"Dashboard statistics retrieved successfully:","successRate":0,"timestamp":"2026-08-31T18:18:10.478Z","totalCourses":1,"totalStudents":1}
{"level":"info","message":{"duration":"14ms","method":"GET","params":{},"path":"/api/dashboard/stats","query":{},"status":304},"timestamp":"2026-08-31T18:18:10.479Z"}
{"level":"info","message":"Retrieved 1 courses successfully","timestamp":"2026-08-31T18:18:10.850Z"}
{"level":"info","message":{"duration":"2ms","method":"GET","params":{},"path":"/api/courses","query":{},"status":304},"timestamp":"2026-08-31T18:18:10.851Z"}
{"level":"info","message":"Retrieved 1 students successfully","timestamp":"2026-08-31T18:18:10.866Z"}
{"level":"info","message":{"duration":"3ms","method":"GET","params":{},"path":"/api/students","query":{},"status":304},"timestamp":"2026-08-31T18:18:10.867Z"}
{"activeCourses":1,"activeStudents":1,"courseCounts":[{"_id":"6a95c444aacabccab3612d85","count":1}],"graduates":0,"level":"info","message":"Dashboard statistics retrieved successfully:","successRate":0,"timestamp":"2026-08-31T18:18:10.876Z","totalCourses":1,"totalStudents":1}
{"level":"info","message":{"duration":"11ms","method":"GET","params":{},"path":"/api/dashboard/stats","query":{},"status":304},"timestamp":"2026-08-31T18:18:10.876Z"}
{"level":"info","message":"Retrieved 1 courses successfully","timestamp":"2026-08-31T18:18:11.261Z"}
{"level":"info","message":{"duration":"5ms","method":"GET","params":{},"path":"/api/courses","query":{},"status":304},"timestamp":"2026-08-31T18:18:11.263Z"}
{"level":"info","message":"Retrieved 1 students successfully","timestamp":"2026-08-31T18:18:11.285Z"}
{"level":"info","message":{"duration":"5ms","method":"GET","params":{},"path":"/api/students","query":{},"status":304},"timestamp":"2026-08-31T18:18:11.286Z"}
{"activeCourses":1,"activeStudents":1,"courseCounts":[{"_id":"6a95c444aacabccab3612d85","count":1}],"graduates":0,"level":"info","message":"Dashboard statistics retrieved successfully:","successRate":0,"timestamp":"2026-08-31T18:18:11.299Z","totalCourses":1,"totalStudents":1}
{"level":"info","message":{"duration":"18ms","method":"GET","params":{},"path":"/api/dashboard/stats","query":{},"status":304},"timestamp":"2026-08-31T18:18:11.300Z"}
{"level":"info","message":"Retrieved 1 courses successfully","timestamp":"2026-08-31T18:18:11.673Z"}
{"level":"info","message":{"duration":"5ms","method":"GET","params":{},"path":"/api/courses","query":{},"status":304},"timestamp":"2026-08-31T18:18:11.675Z"}
{"level":"info","message":"Retrieved 1 students successfully","timestamp":"2026-08-31T18:18:11.687Z"}
{"level":"info","message":{"duration":"3ms","method":"GET","params":{},"path":"/api/students","query":{},"status":304},"timestamp":"2026-08-31T18:18:11.688Z"}
{"activeCourses":1,"activeStudents":1,"courseCounts":[{"_id":"6a95c444aacabccab3612d85","count":1}],"graduates":0,"level":"info","message":"Dashboard statistics retrieved successfully:","successRate":0,"timestamp":"2026-08-31T18:18:11.697Z","totalCourses":1,"totalStudents":1}
{"level":"info","message":{"duration":"12ms","method":"GET","params":{},"path":"/api/dashboard/stats","query":{},"status":304},"timestamp":"2026-08-31T18:18:11.698Z"}
{"level":"info","message":"Retrieved 1 courses successfully","timestamp":"2026-08-31T18:18:12.078Z"}
{"level":"info","message":{"duration":"5ms","method":"GET","params":{},"path":"/api/courses","query":{},"status":304},"timestamp":"2026-08-31T18:18:12.080Z"}
{"level":"info","message":"Retrieved 1 students successfully","timestamp":"2026-08-31T18:18:12.122Z"}
{"level":"info","message":{"duration":"5ms","method":"GET","params":{},"path":"/api/students","query":{},"status":304},"timestamp":"2026-08-31T18:18:12.124Z"}
{"activeCourses":1,"activeStudents":1,"courseCounts":[{"_id":"6a95c444aacabccab3612d85","count":1}],"graduates":0,"level":"info","message":"Dashboard statistics retrieved successfully:","successRate":0,"timestamp":"2026-08-31T18:18:12.132Z","totalCourses":1,"totalStudents":1}
{"level":"info","message":{"duration":"12ms","method":"GET","params":{},"path":"/api/dashboard/stats","query":{},"status":304},"timestamp":"2026-08-31T18:18:12.133Z"}
{"level":"info","message":"Retrieved 1 courses successfully","timestamp":"2026-08-31T18:18:12.462Z"}
{"level":"info","message":{"duration":"4ms","method":"GET","params":{},"path":"/api/courses","query":{},"status":304},"timestamp":"2026-08-31T18:18:12.464Z"}
{"level":"info","message":"Retrieved 1 students successfully","timestamp":"2026-08-31T18:18:12.471Z"}
{"level":"info","message":{"duration":"3ms","method":"GET","params":{},"path":"/api/students","query":{},"status":304},"timestamp":"2026-08-31T18:18:12.472Z"}
{"activeCourses":1,"activeStudents":1,"courseCounts":[{"_id":"6a95c444aacabccab3612d85","count":1}],"graduates":0,"level":"info","message":"Dashboard statistics retrieved successfully:","successRate":0,"timestamp":"2026-08-31T18:18:12.484Z","totalCourses":1,"totalStudents":1}
{"level":"info","message":{"duration":"15ms","method":"GET","params":{},"path":"/api/dashboard/stats","query":{},"status":304},"timestamp":"2026-08-31T18:18:12.485Z"}
{"level":"info","message":"Retrieved 1 courses successfully","timestamp":"2026-08-31T18:18:12.891Z"}
{"level":"info","message":{"duration":"3ms","method":"GET","params":{},"path":"/api/courses","query":{},"status":304},"timestamp":"2026-08-31T18:18:12.892Z"}
{"level":"info","message":"Retrieved 1 students successfully","timestamp":"2026-08-31T18:18:12.902Z"}
{"level":"info","message":{"duration":"3ms","method":"GET","params":{},"path":"/api/students","query":{},"status":304},"timestamp":"2026-08-31T18:18:12.904Z"}
{"activeCourses":1,"activeStudents":1,"courseCounts":[{"_id":"6a95c444aacabccab3612d85","count":1}],"graduates":0,"level":"info","message":"Dashboard statistics retrieved successfully:","successRate":0,"timestamp":"2026-08-31T18:18:12.916Z","totalCourses":1,"totalStudents":1}
{"level":"info","message":{"duration":"16ms","method":"GET","params":{},"path":"/api/dashboard/stats","query":{},"status":304},"timestamp":"2026-08-31T18:18:12.917Z"}
{"level":"info","message":"Retrieved 1 courses successfully","timestamp":"2026-08-31T18:18:13.270Z"}
{"level":"info","message":{"duration":"3ms","method":"GET","params":{},"path":"/api/courses","query":{},"status":304},"timestamp":"2026-08-31T18:18:13.271Z"}
{"level":"info","message":"Retrieved 1 students successfully","timestamp":"2026-08-31T18:18:13.290Z"}
{"level":"info","message":{"duration":"5ms","method":"GET","params":{},"path":"/api/students","query":{},"status":304},"timestamp":"2026-08-31T18:18:13.292Z"}
{"activeCourses":1,"activeStudents":1,"courseCounts":[{"_id":"6a95c444aacabccab3612d85","count":1}],"graduates":0,"level":"info","message":"Dashboard statistics retrieved successfully:","successRate":0,"timestamp":"2026-08-31T18:18:13.304Z","totalCourses":1,"totalStudents":1}
{"level":"info","message":{"duration":"16ms","method":"GET","params":{},"path":"/api/dashboard/stats","query":{},"status":304},"timestamp":"2026-08-31T18:18:13.305Z"}
{"level":"info","message":"Retrieved 1 courses successfully","timestamp":"2026-08-31T18:18:13.686Z"}
{"level":"info","message":{"duration":"5ms","method":"GET","params":{},"path":"/api/courses","query":{},"status":304},"timestamp":"2026-08-31T18:18:13.689Z"}
{"level":"info","message":"Retrieved 1 students successfully","timestamp":"2026-08-31T18:18:13.700Z"}
{"level":"info","message":{"duration":"3ms","method":"GET","params":{},"path":"/api/students","query":{},"status":304},"timestamp":"2026-08-31T18:18:13.702Z"}
{"activeCourses":1,"activeStudents":1,"courseCounts":[{"_id":"6a95c444aacabccab3612d85","count":1}],"graduates":0,"level":"info","message":"Dashboard statistics retrieved successfully:","successRate":0,"timestamp":"2026-08-31T18:18:13.711Z","totalCourses":1,"totalStudents":1}
{"level":"info","message":{"duration":"12ms","method":"GET","params":{},"path":"/api/dashboard/stats","query":{},"status":304},"timestamp":"2026-08-31T18:18:13.711Z"}
{"level":"info","message":"Retrieved 1 courses successfully","timestamp":"2026-08-31T18:18:14.087Z"}
{"level":"info","message":{"duration":"4ms","method":"GET","params":{},"path":"/api/courses","query":{},"status":304},"timestamp":"2026-08-31T18:18:14.088Z"}
{"level":"info","message":"Retrieved 1 students successfully","timestamp":"2026-08-31T18:18:14.100Z"}
{"level":"info","message":{"duration":"5ms","method":"GET","params":{},"path":"/api/students","query":{},"status":304},"timestamp":"2026-08-31T18:18:14.102Z"}
{"activeCourses":1,"activeStudents":1,"courseCounts":[{"_id":"6a95c444aacabccab3612d85","count":1}],"graduates":0,"level":"info","message":"Dashboard statistics retrieved successfully:","successRate":0,"timestamp":"2026-08-31T18:18:14.112Z","totalCourses":1,"totalStudents":1}
{"level":"info","message":{"duration":"14ms","method":"GET","params":{},"path":"/api/dashboard/stats","query":{},"status":304},"timestamp":"2026-08-31T18:18:14.112Z"}
{"level":"info","message":"Retrieved 1 courses successfully","timestamp":"2026-08-31T18:18:14.497Z"}
{"level":"info","message":{"duration":"3ms","method":"GET","params":{},"path":"/api/courses","query":{},"status":304},"timestamp":"2026-08-31T18:18:14.498Z"}
{"level":"info","message":"Retrieved 1 students successfully","timestamp":"2026-08-31T18:18:14.511Z"}
{"level":"info","message":{"duration":"3ms","method":"GET","params":{},"path":"/api/students","query":{},"status":304},"timestamp":"2026-08-31T18:18:14.512Z"}
{"activeCourses":1,"activeStudents":1,"courseCounts":[{"_id":"6a95c444aacabccab3612d85","count":1}],"graduates":0,"level":"info","message":"Dashboard statistics retrieved successfully:","successRate":0,"timestamp":"2026-08-31T18:18:14.523Z","totalCourses":1,"totalStudents":1}
{"level":"info","message":{"duration":"14ms","method":"GET","params":{},"path":"/api/dashboard/stats","query":{},"status":304},"timestamp":"2026-08-31T18:18:14.524Z"}
{"level":"info","message":"Retrieved 1 courses successfully","timestamp":"2026-08-31T18:18:14.927Z"}
{"level":"info","message":{"duration":"2ms","method":"GET","params":{},"path":"/api/courses","query":{},"status":304},"timestamp":"2026-08-31T18:18:14.928Z"}
{"level":"info","message":"Retrieved 1 students successfully","timestamp":"2026-08-31T18:18:14.939Z"}
{"level":"info","message":{"duration":"3ms","method":"GET","params":{},"path":"/api/students","query":{},"status":304},"timestamp":"2026-08-31T18:18:14.940Z"}
{"activeCourses":1,"activeStudents":1,"courseCounts":[{"_id":"6a95c444aacabccab3612d85","count":1}],"graduates":0,"level":"info","message":"Dashboard statistics retrieved successfully:","successRate":0,"timestamp":"2026-08-31T18:18:14.947Z","totalCourses":1,"totalStudents":1}
{"level":"info","message":{"duration":"10ms","method":"GET","params":{},"path":"/api/dashboard/stats","query":{},"status":304},"timestamp":"2026-08-31T18:18:14.948Z"}
{"level":"info","message":"Retrieved 1 courses successfully","timestamp":"2026-08-31T18:18:15.297Z"}
{"level":"info","message":{"duration":"2ms","method":"GET","params":{},"path":"/api/courses","query":{},"status":304},"timestamp":"2026-08-31T18:18:15.298Z"}
{"level":"info","message":"Retrieved 1 students successfully","timestamp":"2026-08-31T18:18:15.309Z"}
{"level":"info","message":{"duration":"3ms","method":"GET","params":{},"path":"/api/students","query":{},"status":304},"timestamp":"2026-08-31T18:18:15.310Z"}
{"activeCourses":1,"activeStudents":1,"courseCounts":[{"_id":"6a95c444aacabccab3612d85","count":1}],"graduates":0,"level":"info","message":"Dashboard statistics retrieved successfully:","successRate":0,"timestamp":"2026-08-31T18:18:15.320Z","totalCourses":1,"totalStudents":1}
{"level":"info","message":{"duration":"13ms","method":"GET","params":{},"path":"/api/dashboard/stats","query":{},"status":304},"timestamp":"2026-08-31T18:18:15.321Z"}
{"level":"info","message":"Retrieved 1 courses successfully","timestamp":"2026-08-31T18:18:15.716Z"}
{"level":"info","message":{"duration":"3ms","method":"GET","params":{},"path":"/api/courses","query":{},"status":304},"timestamp":"2026-08-31T18:18:15.717Z"}
{"level":"info","message":"Retrieved 1 students successfully","timestamp":"2026-08-31T18:18:15.730Z"}
{"level":"info","message":{"duration":"3ms","method":"GET","params":{},"path":"/api/students","query":{},"status":304},"timestamp":"2026-08-31T18:18:15.731Z"}
{"activeCourses":1,"activeStudents":1,"courseCounts":[{"_id":"6a95c444aacabccab3612d85","count":1}],"graduates":0,"level":"info","message":"Dashboard statistics retrieved successfully:","successRate":0,"timestamp":"2026-08-31T18:18:15.739Z","totalCourses":1,"totalStudents":1}
{"level":"info","message":{"duration":"12ms","method":"GET","params":{},"path":"/api/dashboard/stats","query":{},"status":304},"timestamp":"2026-08-31T18:18:15.741Z"}
{"level":"info","message":"Retrieved 1 courses successfully","timestamp":"2026-08-31T18:18:16.119Z"}
{"level":"info","message":{"duration":"2ms","method":"GET","params":{},"path":"/api/courses","query":{},"status":304},"timestamp":"2026-08-31T18:18:16.120Z"}
{"level":"info","message":"Retrieved 1 students successfully","timestamp":"2026-08-31T18:18:16.135Z"}
{"level":"info","message":{"duration":"3ms","method":"GET","params":{},"path":"/api/students","query":{},"status":304},"timestamp":"2026-08-31T18:18:16.136Z"}
{"activeCourses":1,"activeStudents":1,"courseCounts":[{"_id":"6a95c444aacabccab3612d85","count":1}],"graduates":0,"level":"info","message":"Dashboard statistics retrieved successfully:","successRate":0,"timestamp":"2026-08-31T18:18:16.147Z","totalCourses":1,"totalStudents":1}
{"level":"info","message":{"duration":"14ms","method":"GET","params":{},"path":"/api/dashboard/stats","query":{},"status":304},"timestamp":"2026-08-31T18:18:16.148Z"}
{"level":"info","message":"Retrieved 1 courses successfully","timestamp":"2026-08-31T18:18:16.520Z"}
{"level":"info","message":{"duration":"3ms","method":"GET","params":{},"path":"/api/courses","query":{},"status":304},"timestamp":"2026-08-31T18:18:16.521Z"}
{"level":"info","message":"Retrieved 1 students successfully","timestamp":"2026-08-31T18:18:16.530Z"}
{"level":"info","message":{"duration":"3ms","method":"GET","params":{},"path":"/api/students","query":{},"status":304},"timestamp":"2026-08-31T18:18:16.532Z"}
{"activeCourses":1,"activeStudents":1,"courseCounts":[{"_id":"6a95c444aacabccab3612d85","count":1}],"graduates":0,"level":"info","message":"Dashboard statistics retrieved successfully:","successRate":0,"timestamp":"2026-08-31T18:18:16.543Z","totalCourses":1,"totalStudents":1}
{"level":"info","message":{"duration":"13ms","method":"GET","params":{},"path":"/api/dashboard/stats","query":{},"status":304},"timestamp":"2026-08-31T18:18:16.543Z"}
{"level":"info","message":"Retrieved 1 courses successfully","timestamp":"2026-08-31T18:18:16.937Z"}
{"level":"info","message":{"duration":"4ms","method":"GET","params":{},"path":"/api/courses","query":{},"status":304},"timestamp":"2026-08-31T18:18:16.939Z"}
{"level":"info","message":"Retrieved 1 students successfully","timestamp":"2026-08-31T18:18:16.952Z"}
{"level":"info","message":{"duration":"2ms","method":"GET","params":{},"path":"/api/students","query":{},"status":304},"timestamp":"2026-08-31T18:18:16.952Z"}
{"activeCourses":1,"activeStudents":1,"courseCounts":[{"_id":"6a95c444aacabccab3612d85","count":1}],"graduates":0,"level":"info","message":"Dashboard statistics retrieved successfully:","successRate":0,"timestamp":"2026-08-31T18:18:16.963Z","totalCourses":1,"totalStudents":1}
{"level":"info","message":{"duration":"14ms","method":"GET","params":{},"path":"/api/dashboard/stats","query":{},"status":304},"timestamp":"2026-08-31T18:18:16.964Z"}
{"level":"info","message":"Retrieved 1 courses successfully","timestamp":"2026-08-31T18:18:17.326Z"}
{"level":"info","message":{"duration":"2ms","method":"GET","params":{},"path":"/api/courses","query":{},"status":304},"timestamp":"2026-08-31T18:18:17.326Z"}
{"level":"info","message":"Retrieved 1 students successfully","timestamp":"2026-08-31T18:18:17.338Z"}
{"level":"info","message":{"duration":"3ms","method":"GET","params":{},"path":"/api/students","query":{},"status":304},"timestamp":"2026-08-31T18:18:17.339Z"}
{"activeCourses":1,"activeStudents":1,"courseCounts":[{"_id":"6a95c444aacabccab3612d85","count":1}],"graduates":0,"level":"info","message":"Dashboard statistics retrieved successfully:","successRate":0,"timestamp":"2026-08-31T18:18:17.347Z","totalCourses":1,"totalStudents":1}
{"level":"info","message":{"duration":"12ms","method":"GET","params":{},"path":"/api/dashboard/stats","query":{},"status":304},"timestamp":"2026-08-31T18:18:17.348Z"}
{"level":"info","message":"Retrieved 1 courses successfully","timestamp":"2026-08-31T18:18:17.726Z"}
{"level":"info","message":{"duration":"4ms","method":"GET","params":{},"path":"/api/courses","query":{},"status":304},"timestamp":"2026-08-31T18:18:17.728Z"}
{"level":"info","message":"Retrieved 1 students successfully","timestamp":"2026-08-31T18:18:17.743Z"}
{"level":"info","message":{"duration":"4ms","method":"GET","params":{},"path":"/api/students","query":{},"status":304},"timestamp":"2026-08-31T18:18:17.744Z"}
{"activeCourses":1,"activeStudents":1,"courseCounts":[{"_id":"6a95c444aacabccab3612d85","count":1}],"graduates":0,"level":"info","message":"Dashboard statistics retrieved successfully:","successRate":0,"timestamp":"2026-08-31T18:18:17.755Z","totalCourses":1,"totalStudents":1}
{"level":"info","message":{"duration":"15ms","method":"GET","params":{},"path":"/api/dashboard/stats","query":{},"status":304},"timestamp":"2026-08-31T18:18:17.756Z"}
{"level":"info","message":"Retrieved 1 courses successfully","timestamp":"2026-08-31T18:18:18.136Z"}
{"level":"info","message":{"duration":"6ms","method":"GET","params":{},"path":"/api/courses","query":{},"status":304},"timestamp":"2026-08-31T18:18:18.138Z"}
{"level":"info","message":"Retrieved 1 students successfully","timestamp":"2026-08-31T18:18:18.150Z"}
{"level":"info","message":{"duration":"5ms","method":"GET","params":{},"path":"/api/students","query":{},"status":304},"timestamp":"2026-08-31T18:18:18.152Z"}
{"activeCourses":1,"activeStudents":1,"courseCounts":[{"_id":"6a95c444aacabccab3612d85","count":1}],"graduates":0,"level":"info","message":"Dashboard statistics retrieved successfully:","successRate":0,"timestamp":"2026-08-31T18:18:18.163Z","totalCourses":1,"totalStudents":1}
{"level":"info","message":{"duration":"15ms","method":"GET","params":{},"path":"/api/dashboard/stats","query":{},"status":304},"timestamp":"2026-08-31T18:18:18.164Z"}
{"level":"info","message":"Retrieved 1 courses successfully","timestamp":"2026-08-31T18:18:18.549Z"}
{"level":"info","message":{"duration":"3ms","method":"GET","params":{},"path":"/api/courses","query":{},"status":304},"timestamp":"2026-08-31T18:18:18.550Z"}
{"level":"info","message":"Retrieved 1 students successfully","timestamp":"2026-08-31T18:18:18.563Z"}
{"level":"info","message":{"duration":"3ms","method":"GET","params":{},"path":"/api/students","query":{},"status":304},"timestamp":"2026-08-31T18:18:18.564Z"}
{"activeCourses":1,"activeStudents":1,"courseCounts":[{"_id":"6a95c444aacabccab3612d85","count":1}],"graduates":0,"level":"info","message":"Dashboard statistics retrieved successfully:","successRate":0,"timestamp":"2026-08-31T18:18:18.573Z","totalCourses":1,"totalStudents":1}
{"level":"info","message":{"duration":"13ms","method":"GET","params":{},"path":"/api/dashboard/stats","query":{},"status":304},"timestamp":"2026-08-31T18:18:18.574Z"}
{"level":"info","message":"Retrieved 1 courses successfully","timestamp":"2026-08-31T18:18:18.942Z"}
{"level":"info","message":{"duration":"2ms","method":"GET","params":{},"path":"/api/courses","query":{},"status":304},"timestamp":"2026-08-31T18:18:18.943Z"}
{"level":"info","message":"Retrieved 1 students successfully","timestamp":"2026-08-31T18:18:18.958Z"}
{"level":"info","message":{"duration":"4ms","method":"GET","params":{},"path":"/api/students","query":{},"status":304},"timestamp":"2026-08-31T18:18:18.959Z"}
{"activeCourses":1,"activeStudents":1,"courseCounts":[{"_id":"6a95c444aacabccab3612d85","count":1}],"graduates":0,"level":"info","message":"Dashboard statistics retrieved successfully:","successRate":0,"timestamp":"2026-08-31T18:18:18.968Z","totalCourses":1,"totalStudents":1}
{"level":"info","message":{"duration":"13ms","method":"GET","params":{},"path":"/api/dashboard/stats","query":{},"status":304},"timestamp":"2026-08-31T18:18:18.969Z"}
{"level":"info","message":"Retrieved 1 courses successfully","timestamp":"2026-08-31T18:18:19.342Z"}
{"level":"info","message":{"duration":"3ms","method":"GET","params":{},"path":"/api/courses","query":{},"status":304},"timestamp":"2026-08-31T18:18:19.343Z"}
{"level":"info","message":"Retrieved 1 students successfully","timestamp":"2026-08-31T18:18:19.358Z"}
{"level":"info","message":{"duration":"3ms","method":"GET","params":{},"path":"/api/students","query":{},"status":304},"timestamp":"2026-08-31T18:18:19.359Z"}
{"activeCourses":1,"activeStudents":1,"courseCounts":[{"_id":"6a95c444aacabccab3612d85","count":1}],"graduates":0,"level":"info","message":"Dashboard statistics retrieved successfully:","successRate":0,"timestamp":"2026-08-31T18:18:19.368Z","totalCourses":1,"totalStudents":1}
{"level":"info","message":{"duration":"12ms","method":"GET","params":{},"path":"/api/dashboard/stats","query":{},"status":304},"timestamp":"2026-08-31T18:18:19.369Z"}
{"level":"info","message":"Retrieved 1 courses successfully","timestamp":"2026-08-31T18:18:19.752Z"}
{"level":"info","message":{"duration":"4ms","method":"GET","params":{},"path":"/api/courses","query":{},"status":304},"timestamp":"2026-08-31T18:18:19.753Z"}
{"level":"info","message":"Retrieved 1 students successfully","timestamp":"2026-08-31T18:18:19.766Z"}
{"level":"info","message":{"duration":"3ms","method":"GET","params":{},"path":"/api/students","query":{},"status":304},"timestamp":"2026-08-31T18:18:19.767Z"}
{"activeCourses":1,"activeStudents":1,"courseCounts":[{"_id":"6a95c444aacabccab3612d85","count":1}],"graduates":0,"level":"info","message":"Dashboard statistics retrieved successfully:","successRate":0,"timestamp":"2026-08-31T18:18:19.776Z","totalCourses":1,"totalStudents":1}
{"level":"info","message":{"duration":"12ms","method":"GET","params":{},"path":"/api/dashboard/stats","query":{},"status":304},"timestamp":"2026-08-31T18:18:19.777Z"}
{"level":"info","message":"Retrieved 1 courses successfully","timestamp":"2026-08-31T18:18:20.149Z"}
{"level":"info","message":{"duration":"4ms","method":"GET","params":{},"path":"/api/courses","query":{},"status":304},"timestamp":"2026-08-31T18:18:20.151Z"}
{"level":"info","message":"Retrieved 1 students successfully","timestamp":"2026-08-31T18:18:20.166Z"}
{"level":"info","message":{"duration":"6ms","method":"GET","params":{},"path":"/api/students","query":{},"status":304},"timestamp":"2026-08-31T18:18:20.168Z"}
{"activeCourses":1,"activeStudents":1,"courseCounts":[{"_id":"6a95c444aacabccab3612d85","count":1}],"graduates":0,"level":"info","message":"Dashboard statistics retrieved successfully:","successRate":0,"timestamp":"2026-08-31T18:18:20.182Z","totalCourses":1,"totalStudents":1}
{"level":"info","message":{"duration":"20ms","method":"GET","params":{},"path":"/api/dashboard/stats","query":{},"status":304},"timestamp":"2026-08-31T18:18:20.184Z"}
{"level":"info","message":"Retrieved 1 courses successfully","timestamp":"2026-08-31T18:18:20.563Z"}
{"level":"info","message":{"duration":"3ms","method":"GET","params":{},"path":"/api/courses","query":{},"status":304},"timestamp":"2026-08-31T18:18:20.564Z"}
{"level":"info","message":"Retrieved 1 students successfully","timestamp":"2026-08-31T18:18:20.576Z"}
{"level":"info","message":{"duration":"5ms","method":"GET","params":{},"path":"/api/students","query":{},"status":304},"timestamp":"2026-08-31T18:18:20.578Z"}
{"activeCourses":1,"activeStudents":1,"courseCounts":[{"_id":"6a95c444aacabccab3612d85","count":1}],"graduates":0,"level":"info","message":"Dashboard statistics retrieved successfully:","successRate":0,"timestamp":"2026-08-31T18:18:20.588Z","totalCourses":1,"totalStudents":1}
{"level":"info","message":{"duration":"14ms","method":"GET","params":{},"path":"/api/dashboard/stats","query":{},"status":304},"timestamp":"2026-08-31T18:18:20.589Z"}
{"level":"info","message":"Retrieved 1 courses successfully","timestamp":"2026-08-31T18:18:20.987Z"}
{"level":"info","message":{"duration":"4ms","method":"GET","params":{},"path":"/api/courses","query":{},"status":304},"timestamp":"2026-08-31T18:18:20.988Z"}
{"level":"info","message":"Retrieved 1 students successfully","timestamp":"2026-08-31T18:18:21.006Z"}
{"level":"info","message":{"duration":"4ms","method":"GET","params":{},"path":"/api/students","query":{},"status":304},"timestamp":"2026-08-31T18:18:21.007Z"}
{"activeCourses":1,"activeStudents":1,"courseCounts":[{"_id":"6a95c444aacabccab3612d85","count":1}],"graduates":0,"level":"info","message":"Dashboard statistics retrieved successfully:","successRate":0,"timestamp":"2026-08-31T18:18:21.019Z","totalCourses":1,"totalStudents":1}
{"level":"info","message":{"duration":"16ms","method":"GET","params":{},"path":"/api/dashboard/stats","query":{},"status":304},"timestamp":"2026-08-31T18:18:21.021Z"}
{"level":"info","message":"Retrieved 1 courses successfully","timestamp":"2026-08-31T18:18:21.370Z"}
{"level":"info","message":{"duration":"4ms","method":"GET","params":{},"path":"/api/courses","query":{},"status":304},"timestamp":"2026-08-31T18:18:21.371Z"}
{"level":"info","message":"Retrieved 1 students successfully","timestamp":"2026-08-31T18:18:21.382Z"}
{"level":"info","message":{"duration":"2ms","method":"GET","params":{},"path":"/api/students","query":{},"status":304},"timestamp":"2026-08-31T18:18:21.383Z"}
{"activeCourses":1,"activeStudents":1,"courseCounts":[{"_id":"6a95c444aacabccab3612d85","count":1}],"graduates":0,"level":"info","message":"Dashboard statistics retrieved successfully:","successRate":0,"timestamp":"2026-08-31T18:18:21.392Z","totalCourses":1,"totalStudents":1}
{"level":"info","message":{"duration":"12ms","method":"GET","params":{},"path":"/api/dashboard/stats","query":{},"status":304},"timestamp":"2026-08-31T18:18:21.393Z"}
{"level":"info","message":"Retrieved 1 courses successfully","timestamp":"2026-08-31T18:18:21.770Z"}
{"level":"info","message":{"duration":"2ms","method":"GET","params":{},"path":"/api/courses","query":{},"status":304},"timestamp":"2026-08-31T18:18:21.771Z"}
{"level":"info","message":"Retrieved 1 students successfully","timestamp":"2026-08-31T18:18:21.784Z"}
{"level":"info","message":{"duration":"3ms","method":"GET","params":{},"path":"/api/students","query":{},"status":304},"timestamp":"2026-08-31T18:18:21.784Z"}
{"activeCourses":1,"activeStudents":1,"courseCounts":[{"_id":"6a95c444aacabccab3612d85","count":1}],"graduates":0,"level":"info","message":"Dashboard statistics retrieved successfully:","successRate":0,"timestamp":"2026-08-31T18:18:21.793Z","totalCourses":1,"totalStudents":1}
{"level":"info","message":{"duration":"11ms","method":"GET","params":{},"path":"/api/dashboard/stats","query":{},"status":304},"timestamp":"2026-08-31T18:18:21.793Z"}
{"level":"info","message":"Retrieved 1 courses successfully","timestamp":"2026-08-31T18:18:22.198Z"}
{"level":"info","message":{"duration":"3ms","method":"GET","params":{},"path":"/api/courses","query":{},"status":304},"timestamp":"2026-08-31T18:18:22.199Z"}
{"level":"info","message":"Retrieved 1 students successfully","timestamp":"2026-08-31T18:18:22.210Z"}
{"level":"info","message":{"duration":"3ms","method":"GET","params":{},"path":"/api/students","query":{},"status":304},"timestamp":"2026-08-31T18:18:22.211Z"}
{"activeCourses":1,"activeStudents":1,"courseCounts":[{"_id":"6a95c444aacabccab3612d85","count":1}],"graduates":0,"level":"info","message":"Dashboard statistics retrieved successfully:","successRate":0,"timestamp":"2026-08-31T18:18:22.224Z","totalCourses":1,"totalStudents":1}
{"level":"info","message":{"duration":"16ms","method":"GET","params":{},"path":"/api/dashboard/stats","query":{},"status":304},"timestamp":"2026-08-31T18:18:22.225Z"}
{"level":"info","message":"Retrieved 1 courses successfully","timestamp":"2026-08-31T18:18:22.582Z"}
{"level":"info","message":{"duration":"4ms","method":"GET","params":{},"path":"/api/courses","query":{},"status":304},"timestamp":"2026-08-31T18:18:22.583Z"}
{"level":"info","message":"Retrieved 1 students successfully","timestamp":"2026-08-31T18:18:22.597Z"}
{"level":"info","message":{"duration":"4ms","method":"GET","params":{},"path":"/api/students","query":{},"status":304},"timestamp":"2026-08-31T18:18:22.599Z"}
{"activeCourses":1,"activeStudents":1,"courseCounts":[{"_id":"6a95c444aacabccab3612d85","count":1}],"graduates":0,"level":"info","message":"Dashboard statistics retrieved successfully:","successRate":0,"timestamp":"2026-08-31T18:18:22.610Z","totalCourses":1,"totalStudents":1}
{"level":"info","message":{"duration":"16ms","method":"GET","params":{},"path":"/api/dashboard/stats","query":{},"status":304},"timestamp":"2026-08-31T18:18:22.611Z"}
{"level":"info","message":"Retrieved 1 courses successfully","timestamp":"2026-08-31T18:18:22.965Z"}
{"level":"info","message":{"duration":"4ms","method":"GET","params":{},"path":"/api/courses","query":{},"status":304},"timestamp":"2026-08-31T18:18:22.966Z"}
{"level":"info","message":"Retrieved 1 students successfully","timestamp":"2026-08-31T18:18:22.978Z"}
{"level":"info","message":{"duration":"3ms","method":"GET","params":{},"path":"/api/students","query":{},"status":304},"timestamp":"2026-08-31T18:18:22.979Z"}
{"activeCourses":1,"activeStudents":1,"courseCounts":[{"_id":"6a95c444aacabccab3612d85","count":1}],"graduates":0,"level":"info","message":"Dashboard statistics retrieved successfully:","successRate":0,"timestamp":"2026-08-31T18:18:22.994Z","totalCourses":1,"totalStudents":1}
{"level":"info","message":{"duration":"19ms","method":"GET","params":{},"path":"/api/dashboard/stats","query":{},"status":304},"timestamp":"2026-08-31T18:18:22.995Z"}
{"level":"info","message":"Retrieved 1 courses successfully","timestamp":"2026-08-31T18:18:23.400Z"}
{"level":"info","message":{"duration":"4ms","method":"GET","params":{},"path":"/api/courses","query":{},"status":304},"timestamp":"2026-08-31T18:18:23.402Z"}
{"level":"info","message":"Retrieved 1 students successfully","timestamp":"2026-08-31T18:18:23.416Z"}
{"level":"info","message":{"duration":"5ms","method":"GET","params":{},"path":"/api/students","query":{},"status":304},"timestamp":"2026-08-31T18:18:23.417Z"}
{"activeCourses":1,"activeStudents":1,"courseCounts":[{"_id":"6a95c444aacabccab3612d85","count":1}],"graduates":0,"level":"info","message":"Dashboard statistics retrieved successfully:","successRate":0,"timestamp":"2026-08-31T18:18:23.428Z","totalCourses":1,"totalStudents":1}
{"level":"info","message":{"duration":"15ms","method":"GET","params":{},"path":"/api/dashboard/stats","query":{},"status":304},"timestamp":"2026-08-31T18:18:23.429Z"}
{"level":"info","message":"Retrieved 1 courses successfully","timestamp":"2026-08-31T18:18:23.804Z"}
{"level":"info","message":{"duration":"4ms","method":"GET","params":{},"path":"/api/courses","query":{},"status":304},"timestamp":"2026-08-31T18:18:23.805Z"}
{"level":"info","message":"Retrieved 1 students successfully","timestamp":"2026-08-31T18:18:23.820Z"}
{"level":"info","message":{"duration":"4ms","method":"GET","params":{},"path":"/api/students","query":{},"status":304},"timestamp":"2026-08-31T18:18:23.821Z"}
{"activeCourses":1,"activeStudents":1,"courseCounts":[{"_id":"6a95c444aacabccab3612d85","count":1}],"graduates":0,"level":"info","message":"Dashboard statistics retrieved successfully:","successRate":0,"timestamp":"2026-08-31T18:18:23.831Z","totalCourses":1,"totalStudents":1}
{"level":"info","message":{"duration":"13ms","method":"GET","params":{},"path":"/api/dashboard/stats","query":{},"status":304},"timestamp":"2026-08-31T18:18:23.832Z"}
{"level":"info","message":"Retrieved 1 courses successfully","timestamp":"2026-08-31T18:18:24.209Z"}
{"level":"info","message":{"duration":"2ms","method":"GET","params":{},"path":"/api/courses","query":{},"status":304},"timestamp":"2026-08-31T18:18:24.210Z"}
{"level":"info","message":"Retrieved 1 students successfully","timestamp":"2026-08-31T18:18:24.224Z"}
{"level":"info","message":{"duration":"4ms","method":"GET","params":{},"path":"/api/students","query":{},"status":304},"timestamp":"2026-08-31T18:18:24.225Z"}
{"activeCourses":1,"activeStudents":1,"courseCounts":[{"_id":"6a95c444aacabccab3612d85","count":1}],"graduates":0,"level":"info","message":"Dashboard statistics retrieved successfully:","successRate":0,"timestamp":"2026-08-31T18:18:24.234Z","totalCourses":1,"totalStudents":1}
{"level":"info","message":{"duration":"14ms","method":"GET","params":{},"path":"/api/dashboard/stats","query":{},"status":304},"timestamp":"2026-08-31T18:18:24.236Z"}
{"level":"info","message":"Retrieved 1 courses successfully","timestamp":"2026-08-31T18:18:24.610Z"}
{"level":"info","message":{"duration":"2ms","method":"GET","params":{},"path":"/api/courses","query":{},"status":304},"timestamp":"2026-08-31T18:18:24.610Z"}
{"level":"info","message":"Retrieved 1 students successfully","timestamp":"2026-08-31T18:18:24.624Z"}
{"level":"info","message":{"duration":"3ms","method":"GET","params":{},"path":"/api/students","query":{},"status":304},"timestamp":"2026-08-31T18:18:24.625Z"}
{"activeCourses":1,"activeStudents":1,"courseCounts":[{"_id":"6a95c444aacabccab3612d85","count":1}],"graduates":0,"level":"info","message":"Dashboard statistics retrieved successfully:","successRate":0,"timestamp":"2026-08-31T18:18:24.636Z","totalCourses":1,"totalStudents":1}
{"level":"info","message":{"duration":"13ms","method":"GET","params":{},"path":"/api/dashboard/stats","query":{},"status":304},"timestamp":"2026-08-31T18:18:24.636Z"}
{"level":"info","message":"Retrieved 1 courses successfully","timestamp":"2026-08-31T18:18:25.021Z"}
{"level":"info","message":{"duration":"4ms","method":"GET","params":{},"path":"/api/courses","query":{},"status":304},"timestamp":"2026-08-31T18:18:25.022Z"}
{"level":"info","message":"Retrieved 1 students successfully","timestamp":"2026-08-31T18:18:25.038Z"}
{"level":"info","message":{"duration":"7ms","method":"GET","params":{},"path":"/api/students","query":{},"status":304},"timestamp":"2026-08-31T18:18:25.041Z"}
{"activeCourses":1,"activeStudents":1,"courseCounts":[{"_id":"6a95c444aacabccab3612d85","count":1}],"graduates":0,"level":"info","message":"Dashboard statistics retrieved successfully:","successRate":0,"timestamp":"2026-08-31T18:18:25.056Z","totalCourses":1,"totalStudents":1}
{"level":"info","message":{"duration":"22ms","method":"GET","params":{},"path":"/api/dashboard/stats","query":{},"status":304},"timestamp":"2026-08-31T18:18:25.058Z"}
{"level":"info","message":"Retrieved 1 courses successfully","timestamp":"2026-08-31T18:18:25.440Z"}
{"level":"info","message":{"duration":"3ms","method":"GET","params":{},"path":"/api/courses","query":{},"status":304},"timestamp":"2026-08-31T18:18:25.441Z"}
{"level":"info","message":"Retrieved 1 students successfully","timestamp":"2026-08-31T18:18:25.452Z"}
{"level":"info","message":{"duration":"4ms","method":"GET","params":{},"path":"/api/students","query":{},"status":304},"timestamp":"2026-08-31T18:18:25.454Z"}
{"activeCourses":1,"activeStudents":1,"courseCounts":[{"_id":"6a95c444aacabccab3612d85","count":1}],"graduates":0,"level":"info","message":"Dashboard statistics retrieved successfully:","successRate":0,"timestamp":"2026-08-31T18:18:25.464Z","totalCourses":1,"totalStudents":1}
{"level":"info","message":{"duration":"14ms","method":"GET","params":{},"path":"/api/dashboard/stats","query":{},"status":304},"timestamp":"2026-08-31T18:18:25.465Z"}
{"level":"info","message":"Retrieved 1 courses successfully","timestamp":"2026-08-31T18:18:25.822Z"}
{"level":"info","message":{"duration":"3ms","method":"GET","params":{},"path":"/api/courses","query":{},"status":304},"timestamp":"2026-08-31T18:18:25.823Z"}
{"level":"info","message":"Retrieved 1 students successfully","timestamp":"2026-08-31T18:18:25.842Z"}
{"level":"info","message":{"duration":"5ms","method":"GET","params":{},"path":"/api/students","query":{},"status":304},"timestamp":"2026-08-31T18:18:25.843Z"}
{"activeCourses":1,"activeStudents":1,"courseCounts":[{"_id":"6a95c444aacabccab3612d85","count":1}],"graduates":0,"level":"info","message":"Dashboard statistics retrieved successfully:","successRate":0,"timestamp":"2026-08-31T18:18:25.858Z","totalCourses":1,"totalStudents":1}
{"level":"info","message":{"duration":"19ms","method":"GET","params":{},"path":"/api/dashboard/stats","query":{},"status":304},"timestamp":"2026-08-31T18:18:25.859Z"}
{"level":"info","message":"Retrieved 1 courses successfully","timestamp":"2026-08-31T18:18:26.271Z"}
{"level":"info","message":{"duration":"2ms","method":"GET","params":{},"path":"/api/courses","query":{},"status":304},"timestamp":"2026-08-31T18:18:26.272Z"}
{"level":"info","message":"Retrieved 1 students successfully","timestamp":"2026-08-31T18:18:26.281Z"}
{"level":"info","message":{"duration":"2ms","method":"GET","params":{},"path":"/api/students","query":{},"status":304},"timestamp":"2026-08-31T18:18:26.282Z"}
{"activeCourses":1,"activeStudents":1,"courseCounts":[{"_id":"6a95c444aacabccab3612d85","count":1}],"graduates":0,"level":"info","message":"Dashboard statistics retrieved successfully:","successRate":0,"timestamp":"2026-08-31T18:18:26.291Z","totalCourses":1,"totalStudents":1}
{"level":"info","message":{"duration":"12ms","method":"GET","params":{},"path":"/api/dashboard/stats","query":{},"status":304},"timestamp":"2026-08-31T18:18:26.292Z"}
{"level":"info","message":"Retrieved 1 courses successfully","timestamp":"2026-08-31T18:18:26.662Z"}
{"level":"info","message":{"duration":"6ms","method":"GET","params":{},"path":"/api/courses","query":{},"status":304},"timestamp":"2026-08-31T18:18:26.666Z"}
{"level":"info","message":"Retrieved 1 students successfully","timestamp":"2026-08-31T18:18:26.679Z"}
{"level":"info","message":{"duration":"6ms","method":"GET","params":{},"path":"/api/students","query":{},"status":304},"timestamp":"2026-08-31T18:18:26.681Z"}
{"activeCourses":1,"activeStudents":1,"courseCounts":[{"_id":"6a95c444aacabccab3612d85","count":1}],"graduates":0,"level":"info","message":"Dashboard statistics retrieved successfully:","successRate":0,"timestamp":"2026-08-31T18:18:26.693Z","totalCourses":1,"totalStudents":1}
{"level":"info","message":{"duration":"17ms","method":"GET","params":{},"path":"/api/dashboard/stats","query":{},"status":304},"timestamp":"2026-08-31T18:18:26.694Z"}
{"level":"info","message":"Retrieved 1 courses successfully","timestamp":"2026-08-31T18:18:27.067Z"}
{"level":"info","message":{"duration":"5ms","method":"GET","params":{},"path":"/api/courses","query":{},"status":304},"timestamp":"2026-08-31T18:18:27.068Z"}
{"level":"info","message":"Retrieved 1 students successfully","timestamp":"2026-08-31T18:18:27.080Z"}
{"level":"info","message":{"duration":"5ms","method":"GET","params":{},"path":"/api/students","query":{},"status":304},"timestamp":"2026-08-31T18:18:27.082Z"}
{"activeCourses":1,"activeStudents":1,"courseCounts":[{"_id":"6a95c444aacabccab3612d85","count":1}],"graduates":0,"level":"info","message":"Dashboard statistics retrieved successfully:","successRate":0,"timestamp":"2026-08-31T18:18:27.094Z","totalCourses":1,"totalStudents":1}
{"level":"info","message":{"duration":"17ms","method":"GET","params":{},"path":"/api/dashboard/stats","query":{},"status":304},"timestamp":"2026-08-31T18:18:27.095Z"}
{"level":"info","message":"Retrieved 1 courses successfully","timestamp":"2026-08-31T18:18:27.461Z"}
{"level":"info","message":{"duration":"4ms","method":"GET","params":{},"path":"/api/courses","query":{},"status":304},"timestamp":"2026-08-31T18:18:27.462Z"}
{"level":"info","message":"Retrieved 1 students successfully","timestamp":"2026-08-31T18:18:27.481Z"}
{"level":"info","message":{"duration":"7ms","method":"GET","params":{},"path":"/api/students","query":{},"status":304},"timestamp":"2026-08-31T18:18:27.483Z"}
{"activeCourses":1,"activeStudents":1,"courseCounts":[{"_id":"6a95c444aacabccab3612d85","count":1}],"graduates":0,"level":"info","message":"Dashboard statistics retrieved successfully:","successRate":0,"timestamp":"2026-08-31T18:18:27.499Z","totalCourses":1,"totalStudents":1}
{"level":"info","message":{"duration":"24ms","method":"GET","params":{},"path":"/api/dashboard/stats","query":{},"status":304},"timestamp":"2026-08-31T18:18:27.501Z"}
{"level":"info","message":"Retrieved 1 courses successfully","timestamp":"2026-08-31T18:18:27.890Z"}
{"level":"info","message":{"duration":"2ms","method":"GET","params":{},"path":"/api/courses","query":{},"status":304},"timestamp":"2026-08-31T18:18:27.890Z"}
{"level":"info","message":"Retrieved 1 students successfully","timestamp":"2026-08-31T18:18:27.904Z"}
{"level":"info","message":{"duration":"4ms","method":"GET","params":{},"path":"/api/students","query":{},"status":304},"timestamp":"2026-08-31T18:18:27.905Z"}
{"activeCourses":1,"activeStudents":1,"courseCounts":[{"_id":"6a95c444aacabccab3612d85","count":1}],"graduates":0,"level":"info","message":"Dashboard statistics retrieved successfully:","successRate":0,"timestamp":"2026-08-31T18:18:27.914Z","totalCourses":1,"totalStudents":1}
{"level":"info","message":{"duration":"12ms","method":"GET","params":{},"path":"/api/dashboard/stats","query":{},"status":304},"timestamp":"2026-08-31T18:18:27.915Z"}
{"level":"info","message":"Retrieved 1 courses successfully","timestamp":"2026-08-31T18:18:28.279Z"}
{"level":"info","message":{"duration":"2ms","method":"GET","params":{},"path":"/api/courses","query":{},"status":304},"timestamp":"2026-08-31T18:18:28.279Z"}
{"level":"info","message":"Retrieved 1 students successfully","timestamp":"2026-08-31T18:18:28.292Z"}
{"level":"info","message":{"duration":"3ms","method":"GET","params":{},"path":"/api/students","query":{},"status":304},"timestamp":"2026-08-31T18:18:28.293Z"}
{"activeCourses":1,"activeStudents":1,"courseCounts":[{"_id":"6a95c444aacabccab3612d85","count":1}],"graduates":0,"level":"info","message":"Dashboard statistics retrieved successfully:","successRate":0,"timestamp":"2026-08-31T18:18:28.307Z","totalCourses":1,"totalStudents":1}
{"level":"info","message":{"duration":"18ms","method":"GET","params":{},"path":"/api/dashboard/stats","query":{},"status":304},"timestamp":"2026-08-31T18:18:28.309Z"}
{"level":"info","message":"Retrieved 1 courses successfully","timestamp":"2026-08-31T18:18:28.672Z"}
{"level":"info","message":{"duration":"3ms","method":"GET","params":{},"path":"/api/courses","query":{},"status":304},"timestamp":"2026-08-31T18:18:28.674Z"}
{"level":"info","message":"Retrieved 1 students successfully","timestamp":"2026-08-31T18:18:28.685Z"}
{"level":"info","message":{"duration":"2ms","method":"GET","params":{},"path":"/api/students","query":{},"status":304},"timestamp":"2026-08-31T18:18:28.686Z"}
{"activeCourses":1,"activeStudents":1,"courseCounts":[{"_id":"6a95c444aacabccab3612d85","count":1}],"graduates":0,"level":"info","message":"Dashboard statistics retrieved successfully:","successRate":0,"timestamp":"2026-08-31T18:18:28.696Z","totalCourses":1,"totalStudents":1}
{"level":"info","message":{"duration":"11ms","method":"GET","params":{},"path":"/api/dashboard/stats","query":{},"status":304},"timestamp":"2026-08-31T18:18:28.696Z"}
{"level":"info","message":"Retrieved 1 courses successfully","timestamp":"2026-08-31T18:18:29.076Z"}
{"level":"info","message":{"duration":"2ms","method":"GET","params":{},"path":"/api/courses","query":{},"status":304},"timestamp":"2026-08-31T18:18:29.077Z"}
{"level":"info","message":"Retrieved 1 students successfully","timestamp":"2026-08-31T18:18:29.088Z"}
{"level":"info","message":{"duration":"3ms","method":"GET","params":{},"path":"/api/students","query":{},"status":304},"timestamp":"2026-08-31T18:18:29.089Z"}
{"activeCourses":1,"activeStudents":1,"courseCounts":[{"_id":"6a95c444aacabccab3612d85","count":1}],"graduates":0,"level":"info","message":"Dashboard statistics retrieved successfully:","successRate":0,"timestamp":"2026-08-31T18:18:29.097Z","totalCourses":1,"totalStudents":1}
{"level":"info","message":{"duration":"11ms","method":"GET","params":{},"path":"/api/dashboard/stats","query":{},"status":304},"timestamp":"2026-08-31T18:18:29.097Z"}
{"level":"info","message":"Retrieved 1 courses successfully","timestamp":"2026-08-31T18:18:29.486Z"}
{"level":"info","message":{"duration":"4ms","method":"GET","params":{},"path":"/api/courses","query":{},"status":304},"timestamp":"2026-08-31T18:18:29.487Z"}
{"level":"info","message":"Retrieved 1 students successfully","timestamp":"2026-08-31T18:18:29.500Z"}
{"level":"info","message":{"duration":"5ms","method":"GET","params":{},"path":"/api/students","query":{},"status":304},"timestamp":"2026-08-31T18:18:29.502Z"}
{"activeCourses":1,"activeStudents":1,"courseCounts":[{"_id":"6a95c444aacabccab3612d85","count":1}],"graduates":0,"level":"info","message":"Dashboard statistics retrieved successfully:","successRate":0,"timestamp":"2026-08-31T18:18:29.515Z","totalCourses":1,"totalStudents":1}
{"level":"info","message":{"duration":"19ms","method":"GET","params":{},"path":"/api/dashboard/stats","query":{},"status":304},"timestamp":"2026-08-31T18:18:29.517Z"}
{"level":"info","message":"Retrieved 1 courses successfully","timestamp":"2026-08-31T18:18:29.880Z"}
{"level":"info","message":{"duration":"2ms","method":"GET","params":{},"path":"/api/courses","query":{},"status":304},"timestamp":"2026-08-31T18:18:29.881Z"}
{"level":"info","message":"Retrieved 1 students successfully","timestamp":"2026-08-31T18:18:29.894Z"}
{"level":"info","message":{"duration":"3ms","method":"GET","params":{},"path":"/api/students","query":{},"status":304},"timestamp":"2026-08-31T18:18:29.895Z"}
{"activeCourses":1,"activeStudents":1,"courseCounts":[{"_id":"6a95c444aacabccab3612d85","count":1}],"graduates":0,"level":"info","message":"Dashboard statistics retrieved successfully:","successRate":0,"timestamp":"2026-08-31T18:18:29.905Z","totalCourses":1,"totalStudents":1}
{"level":"info","message":{"duration":"12ms","method":"GET","params":{},"path":"/api/dashboard/stats","query":{},"status":304},"timestamp":"2026-08-31T18:18:29.906Z"}
{"level":"info","message":"Retrieved 1 courses successfully","timestamp":"2026-08-31T18:18:30.303Z"}
{"level":"info","message":{"duration":"3ms","method":"GET","params":{},"path":"/api/courses","query":{},"status":304},"timestamp":"2026-08-31T18:18:30.304Z"}
{"level":"info","message":"Retrieved 1 students successfully","timestamp":"2026-08-31T18:18:30.320Z"}
{"level":"info","message":{"duration":"3ms","method":"GET","params":{},"path":"/api/students","query":{},"status":304},"timestamp":"2026-08-31T18:18:30.321Z"}
{"activeCourses":1,"activeStudents":1,"courseCounts":[{"_id":"6a95c444aacabccab3612d85","count":1}],"graduates":0,"level":"info","message":"Dashboard statistics retrieved successfully:","successRate":0,"timestamp":"2026-08-31T18:18:30.333Z","totalCourses":1,"totalStudents":1}
{"level":"info","message":{"duration":"14ms","method":"GET","params":{},"path":"/api/dashboard/stats","query":{},"status":304},"timestamp":"2026-08-31T18:18:30.333Z"}
{"level":"info","message":"Retrieved 1 courses successfully","timestamp":"2026-08-31T18:18:30.696Z"}
{"level":"info","message":{"duration":"4ms","method":"GET","params":{},"path":"/api/courses","query":{},"status":304},"timestamp":"2026-08-31T18:18:30.697Z"}
{"level":"info","message":"Retrieved 1 students successfully","timestamp":"2026-08-31T18:18:30.706Z"}
{"level":"info","message":{"duration":"4ms","method":"GET","params":{},"path":"/api/students","query":{},"status":304},"timestamp":"2026-08-31T18:18:30.707Z"}
{"activeCourses":1,"activeStudents":1,"courseCounts":[{"_id":"6a95c444aacabccab3612d85","count":1}],"graduates":0,"level":"info","message":"Dashboard statistics retrieved successfully:","successRate":0,"timestamp":"2026-08-31T18:18:30.716Z","totalCourses":1,"totalStudents":1}
{"level":"info","message":{"duration":"12ms","method":"GET","params":{},"path":"/api/dashboard/stats","query":{},"status":304},"timestamp":"2026-08-31T18:18:30.716Z"}
{"level":"info","message":"Retrieved 1 courses successfully","timestamp":"2026-08-31T18:18:31.105Z"}
{"level":"info","message":{"duration":"4ms","method":"GET","params":{},"path":"/api/courses","query":{},"status":304},"timestamp":"2026-08-31T18:18:31.106Z"}
{"level":"info","message":"Retrieved 1 students successfully","timestamp":"2026-08-31T18:18:31.118Z"}
{"level":"info","message":{"duration":"5ms","method":"GET","params":{},"path":"/api/students","query":{},"status":304},"timestamp":"2026-08-31T18:18:31.120Z"}
{"activeCourses":1,"activeStudents":1,"courseCounts":[{"_id":"6a95c444aacabccab3612d85","count":1}],"graduates":0,"level":"info","message":"Dashboard statistics retrieved successfully:","successRate":0,"timestamp":"2026-08-31T18:18:31.133Z","totalCourses":1,"totalStudents":1}
{"level":"info","message":{"duration":"17ms","method":"GET","params":{},"path":"/api/dashboard/stats","query":{},"status":304},"timestamp":"2026-08-31T18:18:31.134Z"}
{"level":"info","message":"Retrieved 1 courses successfully","timestamp":"2026-08-31T18:18:31.513Z"}
{"level":"info","message":{"duration":"3ms","method":"GET","params":{},"path":"/api/courses","query":{},"status":304},"timestamp":"2026-08-31T18:18:31.515Z"}
{"level":"info","message":"Retrieved 1 students successfully","timestamp":"2026-08-31T18:18:31.528Z"}
{"level":"info","message":{"duration":"2ms","method":"GET","params":{},"path":"/api/students","query":{},"status":304},"timestamp":"2026-08-31T18:18:31.529Z"}
{"activeCourses":1,"activeStudents":1,"courseCounts":[{"_id":"6a95c444aacabccab3612d85","count":1}],"graduates":0,"level":"info","message":"Dashboard statistics retrieved successfully:","successRate":0,"timestamp":"2026-08-31T18:18:31.541Z","totalCourses":1,"totalStudents":1}
{"level":"info","message":{"duration":"13ms","method":"GET","params":{},"path":"/api/dashboard/stats","query":{},"status":304},"timestamp":"2026-08-31T18:18:31.542Z"}
{"level":"info","message":"Retrieved 1 courses successfully","timestamp":"2026-08-31T18:18:31.938Z"}
{"level":"info","message":{"duration":"4ms","method":"GET","params":{},"path":"/api/courses","query":{},"status":304},"timestamp":"2026-08-31T18:18:31.939Z"}
{"level":"info","message":"Retrieved 1 students successfully","timestamp":"2026-08-31T18:18:31.957Z"}
{"level":"info","message":{"duration":"4ms","method":"GET","params":{},"path":"/api/students","query":{},"status":304},"timestamp":"2026-08-31T18:18:31.957Z"}
{"activeCourses":1,"activeStudents":1,"courseCounts":[{"_id":"6a95c444aacabccab3612d85","count":1}],"graduates":0,"level":"info","message":"Dashboard statistics retrieved successfully:","successRate":0,"timestamp":"2026-08-31T18:18:31.966Z","totalCourses":1,"totalStudents":1}
{"level":"info","message":{"duration":"11ms","method":"GET","params":{},"path":"/api/dashboard/stats","query":{},"status":304},"timestamp":"2026-08-31T18:18:31.967Z"}
{"level":"info","message":"Retrieved 1 courses successfully","timestamp":"2026-08-31T18:18:32.318Z"}
{"level":"info","message":{"duration":"4ms","method":"GET","params":{},"path":"/api/courses","query":{},"status":304},"timestamp":"2026-08-31T18:18:32.319Z"}
{"level":"info","message":"Retrieved 1 students successfully","timestamp":"2026-08-31T18:18:32.331Z"}
{"level":"info","message":{"duration":"4ms","method":"GET","params":{},"path":"/api/students","query":{},"status":304},"timestamp":"2026-08-31T18:18:32.332Z"}
{"activeCourses":1,"activeStudents":1,"courseCounts":[{"_id":"6a95c444aacabccab3612d85","count":1}],"graduates":0,"level":"info","message":"Dashboard statistics retrieved successfully:","successRate":0,"timestamp":"2026-08-31T18:18:32.341Z","totalCourses":1,"totalStudents":1}
{"level":"info","message":{"duration":"13ms","method":"GET","params":{},"path":"/api/dashboard/stats","query":{},"status":304},"timestamp":"2026-08-31T18:18:32.342Z"}
{"level":"info","message":"Retrieved 1 courses successfully","timestamp":"2026-08-31T18:18:32.728Z"}
{"level":"info","message":{"duration":"2ms","method":"GET","params":{},"path":"/api/courses","query":{},"status":304},"timestamp":"2026-08-31T18:18:32.729Z"}
{"level":"info","message":"Retrieved 1 students successfully","timestamp":"2026-08-31T18:18:32.742Z"}
{"level":"info","message":{"duration":"4ms","method":"GET","params":{},"path":"/api/students","query":{},"status":304},"timestamp":"2026-08-31T18:18:32.744Z"}
{"activeCourses":1,"activeStudents":1,"courseCounts":[{"_id":"6a95c444aacabccab3612d85","count":1}],"graduates":0,"level":"info","message":"Dashboard statistics retrieved successfully:","successRate":0,"timestamp":"2026-08-31T18:18:32.755Z","totalCourses":1,"totalStudents":1}
{"level":"info","message":{"duration":"14ms","method":"GET","params":{},"path":"/api/dashboard/stats","query":{},"status":304},"timestamp":"2026-08-31T18:18:32.755Z"}
{"level":"info","message":"Retrieved 1 courses successfully","timestamp":"2026-08-31T18:18:33.131Z"}
{"level":"info","message":{"duration":"3ms","method":"GET","params":{},"path":"/api/courses","query":{},"status":304},"timestamp":"2026-08-31T18:18:33.132Z"}
{"level":"info","message":"Retrieved 1 students successfully","timestamp":"2026-08-31T18:18:33.143Z"}
{"level":"info","message":{"duration":"3ms","method":"GET","params":{},"path":"/api/students","query":{},"status":304},"timestamp":"2026-08-31T18:18:33.144Z"}
{"activeCourses":1,"activeStudents":1,"courseCounts":[{"_id":"6a95c444aacabccab3612d85","count":1}],"graduates":0,"level":"info","message":"Dashboard statistics retrieved successfully:","successRate":0,"timestamp":"2026-08-31T18:18:33.155Z","totalCourses":1,"totalStudents":1}
{"level":"info","message":{"duration":"13ms","method":"GET","params":{},"path":"/api/dashboard/stats","query":{},"status":304},"timestamp":"2026-08-31T18:18:33.155Z"}
{"level":"info","message":"Retrieved 1 courses successfully","timestamp":"2026-08-31T18:18:33.546Z"}
{"level":"info","message":{"duration":"4ms","method":"GET","params":{},"path":"/api/courses","query":{},"status":304},"timestamp":"2026-08-31T18:18:33.548Z"}
{"level":"info","message":"Retrieved 1 students successfully","timestamp":"2026-08-31T18:18:33.558Z"}
{"level":"info","message":{"duration":"5ms","method":"GET","params":{},"path":"/api/students","query":{},"status":304},"timestamp":"2026-08-31T18:18:33.560Z"}
{"activeCourses":1,"activeStudents":1,"courseCounts":[{"_id":"6a95c444aacabccab3612d85","count":1}],"graduates":0,"level":"info","message":"Dashboard statistics retrieved successfully:","successRate":0,"timestamp":"2026-08-31T18:18:33.569Z","totalCourses":1,"totalStudents":1}
{"level":"info","message":{"duration":"13ms","method":"GET","params":{},"path":"/api/dashboard/stats","query":{},"status":304},"timestamp":"2026-08-31T18:18:33.570Z"}
{"level":"info","message":"Retrieved 1 courses successfully","timestamp":"2026-08-31T18:18:33.932Z"}
{"level":"info","message":{"duration":"3ms","method":"GET","params":{},"path":"/api/courses","query":{},"status":304},"timestamp":"2026-08-31T18:18:33.933Z"}
{"level":"info","message":"Retrieved 1 students successfully","timestamp":"2026-08-31T18:18:33.948Z"}
{"level":"info","message":{"duration":"6ms","method":"GET","params":{},"path":"/api/students","query":{},"status":304},"timestamp":"2026-08-31T18:18:33.949Z"}
{"activeCourses":1,"activeStudents":1,"courseCounts":[{"_id":"6a95c444aacabccab3612d85","count":1}],"graduates":0,"level":"info","message":"Dashboard statistics retrieved successfully:","successRate":0,"timestamp":"2026-08-31T18:18:33.961Z","totalCourses":1,"totalStudents":1}
{"level":"info","message":{"duration":"16ms","method":"GET","params":{},"path":"/api/dashboard/stats","query":{},"status":304},"timestamp":"2026-08-31T18:18:33.961Z"}
{"level":"info","message":"Retrieved 1 courses successfully","timestamp":"2026-08-31T18:18:34.334Z"}
{"level":"info","message":{"duration":"3ms","method":"GET","params":{},"path":"/api/courses","query":{},"status":304},"timestamp":"2026-08-31T18:18:34.335Z"}
{"level":"info","message":"Retrieved 1 students successfully","timestamp":"2026-08-31T18:18:34.350Z"}
{"level":"info","message":{"duration":"3ms","method":"GET","params":{},"path":"/api/students","query":{},"status":304},"timestamp":"2026-08-31T18:18:34.351Z"}
{"activeCourses":1,"activeStudents":1,"courseCounts":[{"_id":"6a95c444aacabccab3612d85","count":1}],"graduates":0,"level":"info","message":"Dashboard statistics retrieved successfully:","successRate":0,"timestamp":"2026-08-31T18:18:34.360Z","totalCourses":1,"totalStudents":1}
{"level":"info","message":{"duration":"12ms","method":"GET","params":{},"path":"/api/dashboard/stats","query":{},"status":304},"timestamp":"2026-08-31T18:18:34.361Z"}
{"level":"info","message":"Retrieved 1 courses successfully","timestamp":"2026-08-31T18:18:34.734Z"}
{"level":"info","message":{"duration":"4ms","method":"GET","params":{},"path":"/api/courses","query":{},"status":304},"timestamp":"2026-08-31T18:18:34.736Z"}
{"level":"info","message":"Retrieved 1 students successfully","timestamp":"2026-08-31T18:18:34.746Z"}
{"level":"info","message":{"duration":"4ms","method":"GET","params":{},"path":"/api/students","query":{},"status":304},"timestamp":"2026-08-31T18:18:34.748Z"}
{"activeCourses":1,"activeStudents":1,"courseCounts":[{"_id":"6a95c444aacabccab3612d85","count":1}],"graduates":0,"level":"info","message":"Dashboard statistics retrieved successfully:","successRate":0,"timestamp":"2026-08-31T18:18:34.759Z","totalCourses":1,"totalStudents":1}
{"level":"info","message":{"duration":"15ms","method":"GET","params":{},"path":"/api/dashboard/stats","query":{},"status":304},"timestamp":"2026-08-31T18:18:34.760Z"}
{"level":"info","message":"Retrieved 1 courses successfully","timestamp":"2026-08-31T18:18:35.123Z"}
{"level":"info","message":{"duration":"2ms","method":"GET","params":{},"path":"/api/courses","query":{},"status":304},"timestamp":"2026-08-31T18:18:35.123Z"}
{"level":"info","message":"Retrieved 1 students successfully","timestamp":"2026-08-31T18:18:35.136Z"}
{"level":"info","message":{"duration":"3ms","method":"GET","params":{},"path":"/api/students","query":{},"status":304},"timestamp":"2026-08-31T18:18:35.137Z"}
{"activeCourses":1,"activeStudents":1,"courseCounts":[{"_id":"6a95c444aacabccab3612d85","count":1}],"graduates":0,"level":"info","message":"Dashboard statistics retrieved successfully:","successRate":0,"timestamp":"2026-08-31T18:18:35.146Z","totalCourses":1,"totalStudents":1}
{"level":"info","message":{"duration":"12ms","method":"GET","params":{},"path":"/api/dashboard/stats","query":{},"status":304},"timestamp":"2026-08-31T18:18:35.147Z"}
{"level":"info","message":"Retrieved 1 courses successfully","timestamp":"2026-08-31T18:18:35.540Z"}
{"level":"info","message":{"duration":"3ms","method":"GET","params":{},"path":"/api/courses","query":{},"status":304},"timestamp":"2026-08-31T18:18:35.541Z"}
{"level":"info","message":"Retrieved 1 students successfully","timestamp":"2026-08-31T18:18:35.550Z"}
{"level":"info","message":{"duration":"3ms","method":"GET","params":{},"path":"/api/students","query":{},"status":304},"timestamp":"2026-08-31T18:18:35.551Z"}
{"activeCourses":1,"activeStudents":1,"courseCounts":[{"_id":"6a95c444aacabccab3612d85","count":1}],"graduates":0,"level":"info","message":"Dashboard statistics retrieved successfully:","successRate":0,"timestamp":"2026-08-31T18:18:35.561Z","totalCourses":1,"totalStudents":1}
{"level":"info","message":{"duration":"13ms","method":"GET","params":{},"path":"/api/dashboard/stats","query":{},"status":304},"timestamp":"2026-08-31T18:18:35.562Z"}
{"level":"info","message":"Retrieved 1 courses successfully","timestamp":"2026-08-31T18:18:35.939Z"}
{"level":"info","message":{"duration":"3ms","method":"GET","params":{},"path":"/api/courses","query":{},"status":304},"timestamp":"2026-08-31T18:18:35.940Z"}
{"level":"info","message":"Retrieved 1 students successfully","timestamp":"2026-08-31T18:18:35.950Z"}
{"level":"info","message":{"duration":"3ms","method":"GET","params":{},"path":"/api/students","query":{},"status":304},"timestamp":"2026-08-31T18:18:35.951Z"}
{"activeCourses":1,"activeStudents":1,"courseCounts":[{"_id":"6a95c444aacabccab3612d85","count":1}],"graduates":0,"level":"info","message":"Dashboard statistics retrieved successfully:","successRate":0,"timestamp":"2026-08-31T18:18:35.960Z","totalCourses":1,"totalStudents":1}
{"level":"info","message":{"duration":"11ms","method":"GET","params":{},"path":"/api/dashboard/stats","query":{},"status":304},"timestamp":"2026-08-31T18:18:35.960Z"}
{"level":"info","message":"Retrieved 1 courses successfully","timestamp":"2026-08-31T18:18:36.345Z"}
{"level":"info","message":{"duration":"3ms","method":"GET","params":{},"path":"/api/courses","query":{},"status":304},"timestamp":"2026-08-31T18:18:36.346Z"}
{"level":"info","message":"Retrieved 1 students successfully","timestamp":"2026-08-31T18:18:36.355Z"}
{"level":"info","message":{"duration":"3ms","method":"GET","params":{},"path":"/api/students","query":{},"status":304},"timestamp":"2026-08-31T18:18:36.356Z"}
{"activeCourses":1,"activeStudents":1,"courseCounts":[{"_id":"6a95c444aacabccab3612d85","count":1}],"graduates":0,"level":"info","message":"Dashboard statistics retrieved successfully:","successRate":0,"timestamp":"2026-08-31T18:18:36.365Z","totalCourses":1,"totalStudents":1}
{"level":"info","message":{"duration":"12ms","method":"GET","params":{},"path":"/api/dashboard/stats","query":{},"status":304},"timestamp":"2026-08-31T18:18:36.366Z"}
{"level":"info","message":"Retrieved 1 courses successfully","timestamp":"2026-08-31T18:18:36.755Z"}
{"level":"info","message":{"duration":"4ms","method":"GET","params":{},"path":"/api/courses","query":{},"status":304},"timestamp":"2026-08-31T18:18:36.757Z"}
{"level":"info","message":"Retrieved 1 students successfully","timestamp":"2026-08-31T18:18:36.774Z"}
{"level":"info","message":{"duration":"4ms","method":"GET","params":{},"path":"/api/students","query":{},"status":304},"timestamp":"2026-08-31T18:18:36.776Z"}
{"activeCourses":1,"activeStudents":1,"courseCounts":[{"_id":"6a95c444aacabccab3612d85","count":1}],"graduates":0,"level":"info","message":"Dashboard statistics retrieved successfully:","successRate":0,"timestamp":"2026-08-31T18:18:36.790Z","totalCourses":1,"totalStudents":1}
{"level":"info","message":{"duration":"20ms","method":"GET","params":{},"path":"/api/dashboard/stats","query":{},"status":304},"timestamp":"2026-08-31T18:18:36.792Z"}
{"level":"info","message":"Retrieved 1 courses successfully","timestamp":"2026-08-31T18:18:37.166Z"}
{"level":"info","message":{"duration":"5ms","method":"GET","params":{},"path":"/api/courses","query":{},"status":304},"timestamp":"2026-08-31T18:18:37.167Z"}
{"level":"info","message":"Retrieved 1 students successfully","timestamp":"2026-08-31T18:18:37.175Z"}
{"level":"info","message":{"duration":"2ms","method":"GET","params":{},"path":"/api/students","query":{},"status":304},"timestamp":"2026-08-31T18:18:37.175Z"}
{"activeCourses":1,"activeStudents":1,"courseCounts":[{"_id":"6a95c444aacabccab3612d85","count":1}],"graduates":0,"level":"info","message":"Dashboard statistics retrieved successfully:","successRate":0,"timestamp":"2026-08-31T18:18:37.185Z","totalCourses":1,"totalStudents":1}
{"level":"info","message":{"duration":"12ms","method":"GET","params":{},"path":"/api/dashboard/stats","query":{},"status":304},"timestamp":"2026-08-31T18:18:37.186Z"}
{"level":"info","message":"Retrieved 1 courses successfully","timestamp":"2026-08-31T18:18:37.561Z"}
{"level":"info","message":{"duration":"2ms","method":"GET","params":{},"path":"/api/courses","query":{},"status":304},"timestamp":"2026-08-31T18:18:37.561Z"}
{"level":"info","message":"Retrieved 1 students successfully","timestamp":"2026-08-31T18:18:37.572Z"}
{"level":"info","message":{"duration":"4ms","method":"GET","params":{},"path":"/api/students","query":{},"status":304},"timestamp":"2026-08-31T18:18:37.573Z"}
{"activeCourses":1,"activeStudents":1,"courseCounts":[{"_id":"6a95c444aacabccab3612d85","count":1}],"graduates":0,"level":"info","message":"Dashboard statistics retrieved successfully:","successRate":0,"timestamp":"2026-08-31T18:18:37.583Z","totalCourses":1,"totalStudents":1}
{"level":"info","message":{"duration":"15ms","method":"GET","params":{},"path":"/api/dashboard/stats","query":{},"status":304},"timestamp":"2026-08-31T18:18:37.584Z"}
{"level":"info","message":"Retrieved 1 courses successfully","timestamp":"2026-08-31T18:18:37.958Z"}
{"level":"info","message":{"duration":"4ms","method":"GET","params":{},"path":"/api/courses","query":{},"status":304},"timestamp":"2026-08-31T18:18:37.959Z"}
{"level":"info","message":"Retrieved 1 students successfully","timestamp":"2026-08-31T18:18:37.966Z"}
{"level":"info","message":{"duration":"2ms","method":"GET","params":{},"path":"/api/students","query":{},"status":304},"timestamp":"2026-08-31T18:18:37.966Z"}
{"activeCourses":1,"activeStudents":1,"courseCounts":[{"_id":"6a95c444aacabccab3612d85","count":1}],"graduates":0,"level":"info","message":"Dashboard statistics retrieved successfully:","successRate":0,"timestamp":"2026-08-31T18:18:37.980Z","totalCourses":1,"totalStudents":1}
{"level":"info","message":{"duration":"16ms","method":"GET","params":{},"path":"/api/dashboard/stats","query":{},"status":304},"timestamp":"2026-08-31T18:18:37.981Z"}
{"level":"info","message":"Retrieved 1 courses successfully","timestamp":"2026-08-31T18:18:38.347Z"}
{"level":"info","message":{"duration":"3ms","method":"GET","params":{},"path":"/api/courses","query":{},"status":304},"timestamp":"2026-08-31T18:18:38.348Z"}
{"level":"info","message":"Retrieved 1 students successfully","timestamp":"2026-08-31T18:18:38.359Z"}
{"level":"info","message":{"duration":"2ms","method":"GET","params":{},"path":"/api/students","query":{},"status":304},"timestamp":"2026-08-31T18:18:38.360Z"}
{"activeCourses":1,"activeStudents":1,"courseCounts":[{"_id":"6a95c444aacabccab3612d85","count":1}],"graduates":0,"level":"info","message":"Dashboard statistics retrieved successfully:","successRate":0,"timestamp":"2026-08-31T18:18:38.372Z","totalCourses":1,"totalStudents":1}
{"level":"info","message":{"duration":"12ms","method":"GET","params":{},"path":"/api/dashboard/stats","query":{},"status":304},"timestamp":"2026-08-31T18:18:38.372Z"}
{"level":"info","message":"Retrieved 1 courses successfully","timestamp":"2026-08-31T18:18:38.756Z"}
{"level":"info","message":{"duration":"3ms","method":"GET","params":{},"path":"/api/courses","query":{},"status":304},"timestamp":"2026-08-31T18:18:38.757Z"}
{"level":"info","message":"Retrieved 1 students successfully","timestamp":"2026-08-31T18:18:38.771Z"}
{"level":"info","message":{"duration":"4ms","method":"GET","params":{},"path":"/api/students","query":{},"status":304},"timestamp":"2026-08-31T18:18:38.772Z"}
{"activeCourses":1,"activeStudents":1,"courseCounts":[{"_id":"6a95c444aacabccab3612d85","count":1}],"graduates":0,"level":"info","message":"Dashboard statistics retrieved successfully:","successRate":0,"timestamp":"2026-08-31T18:18:38.786Z","totalCourses":1,"totalStudents":1}
{"level":"info","message":{"duration":"17ms","method":"GET","params":{},"path":"/api/dashboard/stats","query":{},"status":304},"timestamp":"2026-08-31T18:18:38.787Z"}
{"level":"info","message":"Retrieved 1 courses successfully","timestamp":"2026-08-31T18:18:39.159Z"}
{"level":"info","message":{"duration":"3ms","method":"GET","params":{},"path":"/api/courses","query":{},"status":304},"timestamp":"2026-08-31T18:18:39.160Z"}
{"level":"info","message":"Retrieved 1 students successfully","timestamp":"2026-08-31T18:18:39.168Z"}
{"level":"info","message":{"duration":"2ms","method":"GET","params":{},"path":"/api/students","query":{},"status":304},"timestamp":"2026-08-31T18:18:39.168Z"}
{"activeCourses":1,"activeStudents":1,"courseCounts":[{"_id":"6a95c444aacabccab3612d85","count":1}],"graduates":0,"level":"info","message":"Dashboard statistics retrieved successfully:","successRate":0,"timestamp":"2026-08-31T18:18:39.176Z","totalCourses":1,"totalStudents":1}
{"level":"info","message":{"duration":"11ms","method":"GET","params":{},"path":"/api/dashboard/stats","query":{},"status":304},"timestamp":"2026-08-31T18:18:39.177Z"}
{"level":"info","message":"Retrieved 1 courses successfully","timestamp":"2026-08-31T18:18:39.552Z"}
{"level":"info","message":{"duration":"3ms","method":"GET","params":{},"path":"/api/courses","query":{},"status":304},"timestamp":"2026-08-31T18:18:39.553Z"}
{"level":"info","message":"Retrieved 1 students successfully","timestamp":"2026-08-31T18:18:39.565Z"}
{"level":"info","message":{"duration":"3ms","method":"GET","params":{},"path":"/api/students","query":{},"status":304},"timestamp":"2026-08-31T18:18:39.566Z"}
{"activeCourses":1,"activeStudents":1,"courseCounts":[{"_id":"6a95c444aacabccab3612d85","count":1}],"graduates":0,"level":"info","message":"Dashboard statistics retrieved successfully:","successRate":0,"timestamp":"2026-08-31T18:18:39.576Z","totalCourses":1,"totalStudents":1}
{"level":"info","message":{"duration":"12ms","method":"GET","params":{},"path":"/api/dashboard/stats","query":{},"status":304},"timestamp":"2026-08-31T18:18:39.576Z"}
{"level":"info","message":"Retrieved 1 courses successfully","timestamp":"2026-08-31T18:18:39.961Z"}
{"level":"info","message":{"duration":"2ms","method":"GET","params":{},"path":"/api/courses","query":{},"status":304},"timestamp":"2026-08-31T18:18:39.962Z"}
{"level":"info","message":"Retrieved 1 students successfully","timestamp":"2026-08-31T18:18:39.981Z"}
{"level":"info","message":{"duration":"5ms","method":"GET","params":{},"path":"/api/students","query":{},"status":304},"timestamp":"2026-08-31T18:18:39.983Z"}
{"activeCourses":1,"activeStudents":1,"courseCounts":[{"_id":"6a95c444aacabccab3612d85","count":1}],"graduates":0,"level":"info","message":"Dashboard statistics retrieved successfully:","successRate":0,"timestamp":"2026-08-31T18:18:39.997Z","totalCourses":1,"totalStudents":1}
{"level":"info","message":{"duration":"19ms","method":"GET","params":{},"path":"/api/dashboard/stats","query":{},"status":304},"timestamp":"2026-08-31T18:18:39.998Z"}
{"level":"info","message":"Retrieved 1 courses successfully","timestamp":"2026-08-31T18:18:40.348Z"}
{"level":"info","message":{"duration":"2ms","method":"GET","params":{},"path":"/api/courses","query":{},"status":304},"timestamp":"2026-08-31T18:18:40.349Z"}
{"level":"info","message":"Retrieved 1 students successfully","timestamp":"2026-08-31T18:18:40.361Z"}
{"level":"info","message":{"duration":"4ms","method":"GET","params":{},"path":"/api/students","query":{},"status":304},"timestamp":"2026-08-31T18:18:40.363Z"}
{"activeCourses":1,"activeStudents":1,"courseCounts":[{"_id":"6a95c444aacabccab3612d85","count":1}],"graduates":0,"level":"info","message":"Dashboard statistics retrieved successfully:","successRate":0,"timestamp":"2026-08-31T18:18:40.376Z","totalCourses":1,"totalStudents":1}
{"level":"info","message":{"duration":"17ms","method":"GET","params":{},"path":"/api/dashboard/stats","query":{},"status":304},"timestamp":"2026-08-31T18:18:40.377Z"}
{"level":"info","message":"Retrieved 1 courses successfully","timestamp":"2026-08-31T18:18:40.778Z"}
{"level":"info","message":{"duration":"4ms","method":"GET","params":{},"path":"/api/courses","query":{},"status":304},"timestamp":"2026-08-31T18:18:40.779Z"}
{"level":"info","message":"Retrieved 1 students successfully","timestamp":"2026-08-31T18:18:40.795Z"}
{"level":"info","message":{"duration":"6ms","method":"GET","params":{},"path":"/api/students","query":{},"status":304},"timestamp":"2026-08-31T18:18:40.797Z"}
{"activeCourses":1,"activeStudents":1,"courseCounts":[{"_id":"6a95c444aacabccab3612d85","count":1}],"graduates":0,"level":"info","message":"Dashboard statistics retrieved successfully:","successRate":0,"timestamp":"2026-08-31T18:18:40.809Z","totalCourses":1,"totalStudents":1}
{"level":"info","message":{"duration":"17ms","method":"GET","params":{},"path":"/api/dashboard/stats","query":{},"status":304},"timestamp":"2026-08-31T18:18:40.810Z"}
{"level":"info","message":"Retrieved 1 courses successfully","timestamp":"2026-08-31T18:18:41.154Z"}
{"level":"info","message":{"duration":"4ms","method":"GET","params":{},"path":"/api/courses","query":{},"status":304},"timestamp":"2026-08-31T18:18:41.155Z"}
{"level":"info","message":"Retrieved 1 students successfully","timestamp":"2026-08-31T18:18:41.168Z"}
{"level":"info","message":{"duration":"5ms","method":"GET","params":{},"path":"/api/students","query":{},"status":304},"timestamp":"2026-08-31T18:18:41.170Z"}
{"activeCourses":1,"activeStudents":1,"courseCounts":[{"_id":"6a95c444aacabccab3612d85","count":1}],"graduates":0,"level":"info","message":"Dashboard statistics retrieved successfully:","successRate":0,"timestamp":"2026-08-31T18:18:41.181Z","totalCourses":1,"totalStudents":1}
{"level":"info","message":{"duration":"15ms","method":"GET","params":{},"path":"/api/dashboard/stats","query":{},"status":304},"timestamp":"2026-08-31T18:18:41.182Z"}
{"level":"info","message":"Retrieved 1 courses successfully","timestamp":"2026-08-31T18:18:41.564Z"}
{"level":"info","message":{"duration":"4ms","method":"GET","params":{},"path":"/api/courses","query":{},"status":304},"timestamp":"2026-08-31T18:18:41.565Z"}
{"level":"info","message":"Retrieved 1 students successfully","timestamp":"2026-08-31T18:18:41.577Z"}
{"level":"info","message":{"duration":"2ms","method":"GET","params":{},"path":"/api/students","query":{},"status":304},"timestamp":"2026-08-31T18:18:41.578Z"}
{"activeCourses":1,"activeStudents":1,"courseCounts":[{"_id":"6a95c444aacabccab3612d85","count":1}],"graduates":0,"level":"info","message":"Dashboard statistics retrieved successfully:","successRate":0,"timestamp":"2026-08-31T18:18:41.592Z","totalCourses":1,"totalStudents":1}
{"level":"info","message":{"duration":"16ms","method":"GET","params":{},"path":"/api/dashboard/stats","query":{},"status":304},"timestamp":"2026-08-31T18:18:41.593Z"}
{"level":"info","message":"Retrieved 1 courses successfully","timestamp":"2026-08-31T18:18:41.965Z"}
{"level":"info","message":{"duration":"2ms","method":"GET","params":{},"path":"/api/courses","query":{},"status":304},"timestamp":"2026-08-31T18:18:41.965Z"}
{"level":"info","message":"Retrieved 1 students successfully","timestamp":"2026-08-31T18:18:41.979Z"}
{"level":"info","message":{"duration":"3ms","method":"GET","params":{},"path":"/api/students","query":{},"status":304},"timestamp":"2026-08-31T18:18:41.980Z"}
{"activeCourses":1,"activeStudents":1,"courseCounts":[{"_id":"6a95c444aacabccab3612d85","count":1}],"graduates":0,"level":"info","message":"Dashboard statistics retrieved successfully:","successRate":0,"timestamp":"2026-08-31T18:18:41.990Z","totalCourses":1,"totalStudents":1}
{"level":"info","message":{"duration":"14ms","method":"GET","params":{},"path":"/api/dashboard/stats","query":{},"status":304},"timestamp":"2026-08-31T18:18:41.991Z"}
{"level":"info","message":"Retrieved 1 courses successfully","timestamp":"2026-08-31T18:18:42.393Z"}
{"level":"info","message":{"duration":"5ms","method":"GET","params":{},"path":"/api/courses","query":{},"status":304},"timestamp":"2026-08-31T18:18:42.395Z"}
{"level":"info","message":"Retrieved 1 students successfully","timestamp":"2026-08-31T18:18:42.406Z"}
{"level":"info","message":{"duration":"5ms","method":"GET","params":{},"path":"/api/students","query":{},"status":304},"timestamp":"2026-08-31T18:18:42.408Z"}
{"activeCourses":1,"activeStudents":1,"courseCounts":[{"_id":"6a95c444aacabccab3612d85","count":1}],"graduates":0,"level":"info","message":"Dashboard statistics retrieved successfully:","successRate":0,"timestamp":"2026-08-31T18:18:42.418Z","totalCourses":1,"totalStudents":1}
{"level":"info","message":{"duration":"13ms","method":"GET","params":{},"path":"/api/dashboard/stats","query":{},"status":304},"timestamp":"2026-08-31T18:18:42.418Z"}
{"level":"info","message":"Retrieved 1 courses successfully","timestamp":"2026-08-31T18:18:42.786Z"}
{"level":"info","message":{"duration":"4ms","method":"GET","params":{},"path":"/api/courses","query":{},"status":304},"timestamp":"2026-08-31T18:18:42.787Z"}
{"level":"info","message":"Retrieved 1 students successfully","timestamp":"2026-08-31T18:18:42.799Z"}
{"level":"info","message":{"duration":"4ms","method":"GET","params":{},"path":"/api/students","query":{},"status":304},"timestamp":"2026-08-31T18:18:42.800Z"}
{"activeCourses":1,"activeStudents":1,"courseCounts":[{"_id":"6a95c444aacabccab3612d85","count":1}],"graduates":0,"level":"info","message":"Dashboard statistics retrieved successfully:","successRate":0,"timestamp":"2026-08-31T18:18:42.811Z","totalCourses":1,"totalStudents":1}
{"level":"info","message":{"duration":"14ms","method":"GET","params":{},"path":"/api/dashboard/stats","query":{},"status":304},"timestamp":"2026-08-31T18:18:42.811Z"}
{"level":"info","message":"Retrieved 1 courses successfully","timestamp":"2026-08-31T18:18:43.186Z"}
{"level":"info","message":{"duration":"4ms","method":"GET","params":{},"path":"/api/courses","query":{},"status":304},"timestamp":"2026-08-31T18:18:43.187Z"}
{"level":"info","message":"Retrieved 1 students successfully","timestamp":"2026-08-31T18:18:43.200Z"}
{"level":"info","message":{"duration":"3ms","method":"GET","params":{},"path":"/api/students","query":{},"status":304},"timestamp":"2026-08-31T18:18:43.201Z"}
{"activeCourses":1,"activeStudents":1,"courseCounts":[{"_id":"6a95c444aacabccab3612d85","count":1}],"graduates":0,"level":"info","message":"Dashboard statistics retrieved successfully:","successRate":0,"timestamp":"2026-08-31T18:18:43.211Z","totalCourses":1,"totalStudents":1}
{"level":"info","message":{"duration":"14ms","method":"GET","params":{},"path":"/api/dashboard/stats","query":{},"status":304},"timestamp":"2026-08-31T18:18:43.213Z"}
{"level":"info","message":"Retrieved 1 courses successfully","timestamp":"2026-08-31T18:18:43.599Z"}
{"level":"info","message":{"duration":"3ms","method":"GET","params":{},"path":"/api/courses","query":{},"status":304},"timestamp":"2026-08-31T18:18:43.600Z"}
{"level":"info","message":"Retrieved 1 students successfully","timestamp":"2026-08-31T18:18:43.615Z"}
{"level":"info","message":{"duration":"3ms","method":"GET","params":{},"path":"/api/students","query":{},"status":304},"timestamp":"2026-08-31T18:18:43.616Z"}
{"activeCourses":1,"activeStudents":1,"courseCounts":[{"_id":"6a95c444aacabccab3612d85","count":1}],"graduates":0,"level":"info","message":"Dashboard statistics retrieved successfully:","successRate":0,"timestamp":"2026-08-31T18:18:43.626Z","totalCourses":1,"totalStudents":1}
{"level":"info","message":{"duration":"14ms","method":"GET","params":{},"path":"/api/dashboard/stats","query":{},"status":304},"timestamp":"2026-08-31T18:18:43.627Z"}
{"level":"info","message":"Retrieved 1 courses successfully","timestamp":"2026-08-31T18:18:43.994Z"}
{"level":"info","message":{"duration":"3ms","method":"GET","params":{},"path":"/api/courses","query":{},"status":304},"timestamp":"2026-08-31T18:18:43.995Z"}
{"level":"info","message":"Retrieved 1 students successfully","timestamp":"2026-08-31T18:18:44.005Z"}
{"level":"info","message":{"duration":"5ms","method":"GET","params":{},"path":"/api/students","query":{},"status":304},"timestamp":"2026-08-31T18:18:44.007Z"}
{"activeCourses":1,"activeStudents":1,"courseCounts":[{"_id":"6a95c444aacabccab3612d85","count":1}],"graduates":0,"level":"info","message":"Dashboard statistics retrieved successfully:","successRate":0,"timestamp":"2026-08-31T18:18:44.019Z","totalCourses":1,"totalStudents":1}
{"level":"info","message":{"duration":"17ms","method":"GET","params":{},"path":"/api/dashboard/stats","query":{},"status":304},"timestamp":"2026-08-31T18:18:44.020Z"}
{"level":"info","message":"Retrieved 1 courses successfully","timestamp":"2026-08-31T18:18:44.402Z"}
{"level":"info","message":{"duration":"4ms","method":"GET","params":{},"path":"/api/courses","query":{},"status":304},"timestamp":"2026-08-31T18:18:44.404Z"}
{"level":"info","message":"Retrieved 1 students successfully","timestamp":"2026-08-31T18:18:44.411Z"}
{"level":"info","message":{"duration":"3ms","method":"GET","params":{},"path":"/api/students","query":{},"status":304},"timestamp":"2026-08-31T18:18:44.412Z"}
{"activeCourses":1,"activeStudents":1,"courseCounts":[{"_id":"6a95c444aacabccab3612d85","count":1}],"graduates":0,"level":"info","message":"Dashboard statistics retrieved successfully:","successRate":0,"timestamp":"2026-08-31T18:18:44.423Z","totalCourses":1,"totalStudents":1}
{"level":"info","message":{"duration":"14ms","method":"GET","params":{},"path":"/api/dashboard/stats","query":{},"status":304},"timestamp":"2026-08-31T18:18:44.424Z"}
{"level":"info","message":"Retrieved 1 courses successfully","timestamp":"2026-08-31T18:18:44.801Z"}
{"level":"info","message":{"duration":"3ms","method":"GET","params":{},"path":"/api/courses","query":{},"status":304},"timestamp":"2026-08-31T18:18:44.801Z"}
{"level":"info","message":"Retrieved 1 students successfully","timestamp":"2026-08-31T18:18:44.819Z"}
{"level":"info","message":{"duration":"4ms","method":"GET","params":{},"path":"/api/students","query":{},"status":304},"timestamp":"2026-08-31T18:18:44.820Z"}
{"activeCourses":1,"activeStudents":1,"courseCounts":[{"_id":"6a95c444aacabccab3612d85","count":1}],"graduates":0,"level":"info","message":"Dashboard statistics retrieved successfully:","successRate":0,"timestamp":"2026-08-31T18:18:44.833Z","totalCourses":1,"totalStudents":1}
{"level":"info","message":{"duration":"16ms","method":"GET","params":{},"path":"/api/dashboard/stats","query":{},"status":304},"timestamp":"2026-08-31T18:18:44.834Z"}
{"level":"info","message":"Retrieved 1 courses successfully","timestamp":"2026-08-31T18:18:45.220Z"}
{"level":"info","message":{"duration":"4ms","method":"GET","params":{},"path":"/api/courses","query":{},"status":304},"timestamp":"2026-08-31T18:18:45.222Z"}
{"level":"info","message":"Retrieved 1 students successfully","timestamp":"2026-08-31T18:18:45.234Z"}
{"level":"info","message":{"duration":"4ms","method":"GET","params":{},"path":"/api/students","query":{},"status":304},"timestamp":"2026-08-31T18:18:45.236Z"}
{"activeCourses":1,"activeStudents":1,"courseCounts":[{"_id":"6a95c444aacabccab3612d85","count":1}],"graduates":0,"level":"info","message":"Dashboard statistics retrieved successfully:","successRate":0,"timestamp":"2026-08-31T18:18:45.250Z","totalCourses":1,"totalStudents":1}
{"level":"info","message":{"duration":"18ms","method":"GET","params":{},"path":"/api/dashboard/stats","query":{},"status":304},"timestamp":"2026-08-31T18:18:45.251Z"}
{"level":"info","message":"Retrieved 1 courses successfully","timestamp":"2026-08-31T18:18:45.607Z"}
{"level":"info","message":{"duration":"4ms","method":"GET","params":{},"path":"/api/courses","query":{},"status":304},"timestamp":"2026-08-31T18:18:45.609Z"}
{"level":"info","message":"Retrieved 1 students successfully","timestamp":"2026-08-31T18:18:45.620Z"}
{"level":"info","message":{"duration":"5ms","method":"GET","params":{},"path":"/api/students","query":{},"status":304},"timestamp":"2026-08-31T18:18:45.622Z"}
{"activeCourses":1,"activeStudents":1,"courseCounts":[{"_id":"6a95c444aacabccab3612d85","count":1}],"graduates":0,"level":"info","message":"Dashboard statistics retrieved successfully:","successRate":0,"timestamp":"2026-08-31T18:18:45.633Z","totalCourses":1,"totalStudents":1}
{"level":"info","message":{"duration":"15ms","method":"GET","params":{},"path":"/api/dashboard/stats","query":{},"status":304},"timestamp":"2026-08-31T18:18:45.634Z"}
{"level":"info","message":"Retrieved 1 courses successfully","timestamp":"2026-08-31T18:18:46.028Z"}
{"level":"info","message":{"duration":"2ms","method":"GET","params":{},"path":"/api/courses","query":{},"status":304},"timestamp":"2026-08-31T18:18:46.029Z"}
{"level":"info","message":"Retrieved 1 students successfully","timestamp":"2026-08-31T18:18:46.039Z"}
{"level":"info","message":{"duration":"3ms","method":"GET","params":{},"path":"/api/students","query":{},"status":304},"timestamp":"2026-08-31T18:18:46.040Z"}
{"activeCourses":1,"activeStudents":1,"courseCounts":[{"_id":"6a95c444aacabccab3612d85","count":1}],"graduates":0,"level":"info","message":"Dashboard statistics retrieved successfully:","successRate":0,"timestamp":"2026-08-31T18:18:46.053Z","totalCourses":1,"totalStudents":1}
{"level":"info","message":{"duration":"16ms","method":"GET","params":{},"path":"/api/dashboard/stats","query":{},"status":304},"timestamp":"2026-08-31T18:18:46.054Z"}
{"level":"info","message":"Retrieved 1 courses successfully","timestamp":"2026-08-31T18:18:46.490Z"}
{"level":"info","message":{"duration":"3ms","method":"GET","params":{},"path":"/api/courses","query":{},"status":304},"timestamp":"2026-08-31T18:18:46.491Z"}
{"level":"info","message":"Retrieved 1 students successfully","timestamp":"2026-08-31T18:18:46.508Z"}
{"level":"info","message":{"duration":"5ms","method":"GET","params":{},"path":"/api/students","query":{},"status":304},"timestamp":"2026-08-31T18:18:46.509Z"}
{"activeCourses":1,"activeStudents":1,"courseCounts":[{"_id":"6a95c444aacabccab3612d85","count":1}],"graduates":0,"level":"info","message":"Dashboard statistics retrieved successfully:","successRate":0,"timestamp":"2026-08-31T18:18:46.526Z","totalCourses":1,"totalStudents":1}
{"level":"info","message":{"duration":"23ms","method":"GET","params":{},"path":"/api/dashboard/stats","query":{},"status":304},"timestamp":"2026-08-31T18:18:46.528Z"}
{"level":"info","message":"Retrieved 1 courses successfully","timestamp":"2026-08-31T18:18:46.873Z"}
{"level":"info","message":{"duration":"4ms","method":"GET","params":{},"path":"/api/courses","query":{},"status":304},"timestamp":"2026-08-31T18:18:46.874Z"}
{"level":"info","message":"Retrieved 1 students successfully","timestamp":"2026-08-31T18:18:46.885Z"}
{"level":"info","message":{"duration":"5ms","method":"GET","params":{},"path":"/api/students","query":{},"status":304},"timestamp":"2026-08-31T18:18:46.887Z"}
{"activeCourses":1,"activeStudents":1,"courseCounts":[{"_id":"6a95c444aacabccab3612d85","count":1}],"graduates":0,"level":"info","message":"Dashboard statistics retrieved successfully:","successRate":0,"timestamp":"2026-08-31T18:18:46.898Z","totalCourses":1,"totalStudents":1}
{"level":"info","message":{"duration":"16ms","method":"GET","params":{},"path":"/api/dashboard/stats","query":{},"status":304},"timestamp":"2026-08-31T18:18:46.899Z"}
{"level":"info","message":"Retrieved 1 courses successfully","timestamp":"2026-08-31T18:18:47.267Z"}
{"level":"info","message":{"duration":"3ms","method":"GET","params":{},"path":"/api/courses","query":{},"status":304},"timestamp":"2026-08-31T18:18:47.268Z"}
{"level":"info","message":"Retrieved 1 students successfully","timestamp":"2026-08-31T18:18:47.278Z"}
{"level":"info","message":{"duration":"2ms","method":"GET","params":{},"path":"/api/students","query":{},"status":304},"timestamp":"2026-08-31T18:18:47.278Z"}
{"activeCourses":1,"activeStudents":1,"courseCounts":[{"_id":"6a95c444aacabccab3612d85","count":1}],"graduates":0,"level":"info","message":"Dashboard statistics retrieved successfully:","successRate":0,"timestamp":"2026-08-31T18:18:47.289Z","totalCourses":1,"totalStudents":1}
{"level":"info","message":{"duration":"12ms","method":"GET","params":{},"path":"/api/dashboard/stats","query":{},"status":304},"timestamp":"2026-08-31T18:18:47.289Z"}
{"level":"info","message":"Retrieved 1 courses successfully","timestamp":"2026-08-31T18:18:47.682Z"}
{"level":"info","message":{"duration":"3ms","method":"GET","params":{},"path":"/api/courses","query":{},"status":304},"timestamp":"2026-08-31T18:18:47.683Z"}
{"level":"info","message":"Retrieved 1 students successfully","timestamp":"2026-08-31T18:18:47.694Z"}
{"level":"info","message":{"duration":"3ms","method":"GET","params":{},"path":"/api/students","query":{},"status":304},"timestamp":"2026-08-31T18:18:47.695Z"}
{"activeCourses":1,"activeStudents":1,"courseCounts":[{"_id":"6a95c444aacabccab3612d85","count":1}],"graduates":0,"level":"info","message":"Dashboard statistics retrieved successfully:","successRate":0,"timestamp":"2026-08-31T18:18:47.705Z","totalCourses":1,"totalStudents":1}
{"level":"info","message":{"duration":"13ms","method":"GET","params":{},"path":"/api/dashboard/stats","query":{},"status":304},"timestamp":"2026-08-31T18:18:47.706Z"}
{"level":"info","message":"Retrieved 1 courses successfully","timestamp":"2026-08-31T18:18:48.086Z"}
{"level":"info","message":{"duration":"2ms","method":"GET","params":{},"path":"/api/courses","query":{},"status":304},"timestamp":"2026-08-31T18:18:48.087Z"}
{"level":"info","message":"Retrieved 1 students successfully","timestamp":"2026-08-31T18:18:48.097Z"}
{"level":"info","message":{"duration":"4ms","method":"GET","params":{},"path":"/api/students","query":{},"status":304},"timestamp":"2026-08-31T18:18:48.098Z"}
{"activeCourses":1,"activeStudents":1,"courseCounts":[{"_id":"6a95c444aacabccab3612d85","count":1}],"graduates":0,"level":"info","message":"Dashboard statistics retrieved successfully:","successRate":0,"timestamp":"2026-08-31T18:18:48.108Z","totalCourses":1,"totalStudents":1}
{"level":"info","message":{"duration":"14ms","method":"GET","params":{},"path":"/api/dashboard/stats","query":{},"status":304},"timestamp":"2026-08-31T18:18:48.109Z"}
{"level":"info","message":"Retrieved 1 courses successfully","timestamp":"2026-08-31T18:18:48.484Z"}
{"level":"info","message":{"duration":"4ms","method":"GET","params":{},"path":"/api/courses","query":{},"status":304},"timestamp":"2026-08-31T18:18:48.485Z"}
{"level":"info","message":"Retrieved 1 students successfully","timestamp":"2026-08-31T18:18:48.497Z"}
{"level":"info","message":{"duration":"3ms","method":"GET","params":{},"path":"/api/students","query":{},"status":304},"timestamp":"2026-08-31T18:18:48.498Z"}
{"activeCourses":1,"activeStudents":1,"courseCounts":[{"_id":"6a95c444aacabccab3612d85","count":1}],"graduates":0,"level":"info","message":"Dashboard statistics retrieved successfully:","successRate":0,"timestamp":"2026-08-31T18:18:48.511Z","totalCourses":1,"totalStudents":1}
{"level":"info","message":{"duration":"15ms","method":"GET","params":{},"path":"/api/dashboard/stats","query":{},"status":304},"timestamp":"2026-08-31T18:18:48.511Z"}
{"level":"info","message":"Retrieved 1 students successfully","timestamp":"2026-08-31T18:38:51.921Z"}
{"level":"info","message":{"duration":"6ms","method":"GET","params":{},"path":"/api/students","query":{},"status":304},"timestamp":"2026-08-31T18:38:51.925Z"}
{"activeCourses":1,"activeStudents":1,"courseCounts":[{"_id":"6a95c444aacabccab3612d85","count":1}],"graduates":0,"level":"info","message":"Dashboard statistics retrieved successfully:","successRate":0,"timestamp":"2026-08-31T18:38:51.943Z","totalCourses":1,"totalStudents":1}
{"level":"info","message":{"duration":"26ms","method":"GET","params":{},"path":"/api/dashboard/stats","query":{},"status":304},"timestamp":"2026-08-31T18:38:51.946Z"}
